CREATE DATABASE  IF NOT EXISTS `datapx` /*!40100 DEFAULT CHARACTER SET latin1 */ /*!80016 DEFAULT ENCRYPTION='N' */;
USE `datapx`;
-- MySQL dump 10.13  Distrib 8.0.27, for Win64 (x86_64)
--
-- Host: localhost    Database: datapx
-- ------------------------------------------------------
-- Server version	8.0.27

/*!40101 SET @OLD_CHARACTER_SET_CLIENT=@@CHARACTER_SET_CLIENT */;
/*!40101 SET @OLD_CHARACTER_SET_RESULTS=@@CHARACTER_SET_RESULTS */;
/*!40101 SET @OLD_COLLATION_CONNECTION=@@COLLATION_CONNECTION */;
/*!50503 SET NAMES utf8 */;
/*!40103 SET @OLD_TIME_ZONE=@@TIME_ZONE */;
/*!40103 SET TIME_ZONE='+00:00' */;
/*!40014 SET @OLD_UNIQUE_CHECKS=@@UNIQUE_CHECKS, UNIQUE_CHECKS=0 */;
/*!40014 SET @OLD_FOREIGN_KEY_CHECKS=@@FOREIGN_KEY_CHECKS, FOREIGN_KEY_CHECKS=0 */;
/*!40101 SET @OLD_SQL_MODE=@@SQL_MODE, SQL_MODE='NO_AUTO_VALUE_ON_ZERO' */;
/*!40111 SET @OLD_SQL_NOTES=@@SQL_NOTES, SQL_NOTES=0 */;

--
-- Table structure for table `ccurve`
--

DROP TABLE IF EXISTS `ccurve`;
/*!40101 SET @saved_cs_client     = @@character_set_client */;
/*!50503 SET character_set_client = utf8mb4 */;
CREATE TABLE `ccurve` (
  `id` varchar(10) NOT NULL,
  `name` varchar(50) NOT NULL,
  `is_visible` tinyint(1) NOT NULL,
  `type_id` varchar(10) NOT NULL,
  `source_id` varchar(10) DEFAULT NULL,
  `rate_type_id` varchar(10) NOT NULL,
  `currency_id` varchar(10) NOT NULL,
  `matur_type_id` varchar(10) DEFAULT NULL,
  `flatt_maturity` int DEFAULT NULL,
  `rf_currency_id` varchar(10) DEFAULT NULL,
  PRIMARY KEY (`id`),
  KEY `ccurve_categ_id` (`type_id`),
  KEY `ccurve_source_id` (`source_id`),
  KEY `ccurve_currency_idx` (`currency_id`),
  KEY `ccurve_rfCurren` (`rf_currency_id`),
  CONSTRAINT `ccurve_categ_id` FOREIGN KEY (`type_id`) REFERENCES `clistsys` (`id`),
  CONSTRAINT `ccurve_currency` FOREIGN KEY (`currency_id`) REFERENCES `rcurrency` (`id`),
  CONSTRAINT `ccurve_rf_curren` FOREIGN KEY (`rf_currency_id`) REFERENCES `rcurrency` (`id`),
  CONSTRAINT `ccurve_source_id` FOREIGN KEY (`source_id`) REFERENCES `ccurve` (`id`)
) ENGINE=InnoDB DEFAULT CHARSET=utf8mb3;
/*!40101 SET character_set_client = @saved_cs_client */;

--
-- Dumping data for table `ccurve`
--

LOCK TABLES `ccurve` WRITE;
/*!40000 ALTER TABLE `ccurve` DISABLE KEYS */;
INSERT INTO `ccurve` VALUES ('CCM','CCM',1,'1M_MIND','CCM','AART','MAD','DYM',54,'EUR'),('JJBAM','Courbe spot BAM',1,'SPRC','CCM','MART','MAD','DDMT',56,'EUR'),('TNRBAM','Tenors',1,'TNRC','JJBAM','MART','MAD','DYMT',NULL,NULL),('ZCBAM','Courbe zéro coupon BAM',1,'ZCRC','JJBAM','AART','MAD','DYMT',NULL,NULL);
/*!40000 ALTER TABLE `ccurve` ENABLE KEYS */;
UNLOCK TABLES;

--
-- Table structure for table `cday_off`
--

DROP TABLE IF EXISTS `cday_off`;
/*!40101 SET @saved_cs_client     = @@character_set_client */;
/*!50503 SET character_set_client = utf8mb4 */;
CREATE TABLE `cday_off` (
  `id` int NOT NULL AUTO_INCREMENT,
  `name` varchar(50) DEFAULT NULL,
  `is_lunar_day` tinyint(1) NOT NULL,
  `day` int NOT NULL,
  `month` int NOT NULL,
  `year` int DEFAULT NULL,
  `place_id` varchar(10) NOT NULL,
  PRIMARY KEY (`id`),
  KEY `cday_off_day` (`day`),
  KEY `cday_off_month` (`month`),
  KEY `cday_off_placeId` (`place_id`),
  CONSTRAINT `cday_off_placeId` FOREIGN KEY (`place_id`) REFERENCES `clistcust` (`id`)
) ENGINE=InnoDB AUTO_INCREMENT=14 DEFAULT CHARSET=utf8mb3;
/*!40101 SET character_set_client = @saved_cs_client */;

--
-- Dumping data for table `cday_off`
--

LOCK TABLES `cday_off` WRITE;
/*!40000 ALTER TABLE `cday_off` DISABLE KEYS */;
INSERT INTO `cday_off` VALUES (1,'Manifeste de l\'Indépendance',0,11,1,NULL,'BVC'),(2,'Fête du travail',0,1,5,NULL,'BVC'),(3,'Fête du trône',0,30,7,NULL,'BVC'),(4,'Allégeance Oued Eddahab',0,14,8,NULL,'BVC'),(5,'La Révolution du Roi et du peuple',0,20,8,NULL,'BVC'),(6,'Fête de la jeunesse',0,21,8,NULL,'BVC'),(7,'La marche verte',0,6,11,NULL,'BVC'),(8,'Fête de l\'Indépendance',0,18,11,NULL,'BVC'),(9,'Aid-al-adha',1,22,8,2018,'BVC'),(10,'Aid-al-adha',1,23,8,2018,'BVC'),(11,'Jour de l\'an',0,1,1,NULL,'BVC'),(12,'AID MAWLID ',1,20,11,NULL,'BVC'),(13,'AID MAWLID',1,21,11,NULL,'BVC');
/*!40000 ALTER TABLE `cday_off` ENABLE KEYS */;
UNLOCK TABLES;

--
-- Table structure for table `cdocument_list`
--

DROP TABLE IF EXISTS `cdocument_list`;
/*!40101 SET @saved_cs_client     = @@character_set_client */;
/*!50503 SET character_set_client = utf8mb4 */;
CREATE TABLE `cdocument_list` (
  `id` int NOT NULL AUTO_INCREMENT,
  `type_id` varchar(15) NOT NULL,
  `category_id` varchar(10) NOT NULL,
  `name` varchar(50) NOT NULL,
  `is_mandatory` tinyint NOT NULL DEFAULT '0',
  PRIMARY KEY (`id`),
  KEY `cdocument_lis_typeId` (`type_id`),
  KEY `cdocument_lis_categId` (`category_id`),
  CONSTRAINT `cdocument_lis_categId` FOREIGN KEY (`category_id`) REFERENCES `clistcust` (`id`),
  CONSTRAINT `cdocument_lis_typeId` FOREIGN KEY (`type_id`) REFERENCES `clistsys` (`id`)
) ENGINE=InnoDB AUTO_INCREMENT=40 DEFAULT CHARSET=utf8mb3;
/*!40101 SET character_set_client = @saved_cs_client */;

--
-- Dumping data for table `cdocument_list`
--

LOCK TABLES `cdocument_list` WRITE;
/*!40000 ALTER TABLE `cdocument_list` DISABLE KEYS */;
INSERT INTO `cdocument_list` VALUES (1,'DOC_CENTR','ACPR_EDMC','Accord de principe',0),(2,'DOC_ACTOR','ADOC_EDMC','Document',0),(4,'DOC_TICKET','AOP_EDMDC','Avis d\'opéré',0),(5,'DOC_CORPAC','APFON_EDMC','Appel de fonds',0),(6,'DOC_ACTOR','APHOT_EDMC','Photos',0),(7,'DOC_CORPAC','ATTPR_EDMC','Attestation de propriété',0),(9,'DOC_CENTR','AVCR_EDMC','Avis de création',0);
/*!40000 ALTER TABLE `cdocument_list` ENABLE KEYS */;
UNLOCK TABLES;

--
-- Table structure for table `cinput_control`
--

DROP TABLE IF EXISTS `cinput_control`;
/*!40101 SET @saved_cs_client     = @@character_set_client */;
/*!50503 SET character_set_client = utf8mb4 */;
CREATE TABLE `cinput_control` (
  `id` int NOT NULL AUTO_INCREMENT,
  `menu_id` varchar(20) NOT NULL,
  `criter_filed` varchar(50) DEFAULT NULL,
  `criter_value` varchar(20) DEFAULT NULL,
  `field_id` varchar(50) NOT NULL,
  `field_name` varchar(30) NOT NULL,
  `is_mandatory` tinyint(1) NOT NULL DEFAULT '0',
  `limit_min` decimal(22,8) DEFAULT NULL,
  `limit_max` decimal(22,8) DEFAULT NULL,
  `default_value` varchar(20) DEFAULT NULL,
  `sorting` int NOT NULL,
  `is_system` tinyint(1) NOT NULL DEFAULT '0',
  `operator` enum('=','!=','>','<','>=','<=','IN','N_IN') DEFAULT NULL,
  `value` varchar(1000) DEFAULT NULL,
  `data_type_id` varchar(10) NOT NULL,
  `value_type_id` varchar(10) DEFAULT NULL,
  PRIMARY KEY (`id`),
  KEY `cinput_con_dataType` (`data_type_id`),
  KEY `cinput_con_valueTyp` (`value_type_id`),
  CONSTRAINT `cinput_con_dataType` FOREIGN KEY (`data_type_id`) REFERENCES `clistsys` (`id`),
  CONSTRAINT `cinput_con_valueTyp` FOREIGN KEY (`value_type_id`) REFERENCES `clistsys` (`id`)
) ENGINE=InnoDB AUTO_INCREMENT=402 DEFAULT CHARSET=utf8mb3;
/*!40101 SET character_set_client = @saved_cs_client */;

--
-- Dumping data for table `cinput_control`
--

LOCK TABLES `cinput_control` WRITE;
/*!40000 ALTER TABLE `cinput_control` DISABLE KEYS */;
INSERT INTO `cinput_control` VALUES (2,'TRAN_FI',NULL,NULL,'secId','Titre',1,NULL,NULL,NULL,11,1,NULL,NULL,'N_DT',NULL),(3,'TRAN_FI',NULL,NULL,'dateTrade','Date Transaction',1,NULL,NULL,NULL,12,1,NULL,NULL,'D_DT',NULL),(5,'TRAN_FI',NULL,NULL,'portfId','Portefeuille',1,NULL,NULL,NULL,14,1,NULL,NULL,'N_DT',NULL),(6,'TRAN_FI',NULL,NULL,'custodyId','Dépositaire',1,NULL,NULL,NULL,15,1,NULL,NULL,'N_DT',NULL),(7,'TRAN_FI',NULL,NULL,'secAccountId','Compte titre',1,NULL,NULL,NULL,16,1,NULL,NULL,'N_DT',NULL),(8,'TRAN_FI',NULL,NULL,'cashAccountId','Compte espèces',1,NULL,NULL,NULL,17,1,NULL,NULL,'N_DT',NULL),(9,'TRAN_FI',NULL,NULL,'quantity','Quantité',1,NULL,NULL,NULL,18,1,NULL,NULL,'N_DT',NULL),(10,'TRAN_FI',NULL,NULL,'unitPrice','Prix',1,NULL,NULL,NULL,19,1,NULL,NULL,'N_DT',NULL),(12,'TRAN_RE',NULL,NULL,'transCode.id','Poste',1,NULL,NULL,NULL,10,1,NULL,NULL,'S_DT',NULL),(13,'TRAN_RE',NULL,NULL,'secId','Titre',1,NULL,NULL,NULL,11,1,NULL,NULL,'N_DT',NULL),(14,'TRAN_RE',NULL,NULL,'dateTrade','Date Transaction',1,NULL,NULL,NULL,12,1,NULL,NULL,'D_DT',NULL),(15,'TRAN_RE',NULL,NULL,'dateSettl','Date R/L',1,NULL,NULL,NULL,13,1,'>=','dateTrade','D_DT','FIEL_ICT'),(16,'TRAN_RE',NULL,NULL,'portfId','Portefeuille',1,NULL,NULL,NULL,14,1,NULL,NULL,'N_DT',NULL),(17,'TRAN_RE',NULL,NULL,'custodyId','Dépositaire',1,NULL,NULL,NULL,15,1,NULL,NULL,'N_DT',NULL),(18,'TRAN_RE',NULL,NULL,'secAccountId','Compte titre',1,NULL,NULL,NULL,16,1,NULL,NULL,'N_DT',NULL),(19,'TRAN_RE',NULL,NULL,'cashAccountId','Compte espèces',1,NULL,NULL,NULL,17,1,NULL,NULL,'N_DT',NULL),(20,'TRAN_RE',NULL,NULL,'unitPrice','Montant',1,NULL,NULL,NULL,19,1,NULL,NULL,'N_DT',NULL),(21,'TRAN_FI',NULL,NULL,'ctrpartId','Contrepartie',1,NULL,NULL,NULL,15,0,NULL,NULL,'N_DT',NULL),(22,'TRAN_EQ',NULL,NULL,'transCode.id','Poste',1,NULL,NULL,NULL,10,1,NULL,NULL,'S_DT',NULL),(23,'TRAN_EQ',NULL,NULL,'secId','Titre',1,NULL,NULL,NULL,11,1,NULL,NULL,'N_DT',NULL),(24,'TRAN_EQ',NULL,NULL,'dateTrade','Date Transaction',1,NULL,NULL,NULL,12,1,NULL,NULL,'D_DT',NULL),(26,'TRAN_EQ',NULL,NULL,'portfId','Portefeuille',1,NULL,NULL,NULL,14,1,NULL,NULL,'N_DT',NULL),(27,'TRAN_EQ',NULL,NULL,'custodyId','Dépositaire',1,NULL,NULL,NULL,15,1,NULL,NULL,'N_DT',NULL),(28,'TRAN_EQ',NULL,NULL,'secAccountId','Compte titre',1,NULL,NULL,NULL,16,1,NULL,NULL,'N_DT',NULL),(29,'TRAN_EQ',NULL,NULL,'cashAccountId','Compte espèces',1,NULL,NULL,NULL,17,1,NULL,NULL,'N_DT',NULL),(30,'TRAN_EQ',NULL,NULL,'quantity','Quantité',1,NULL,NULL,NULL,18,1,NULL,NULL,'N_DT',NULL),(31,'TRAN_EQ',NULL,NULL,'unitPrice','Prix',1,NULL,NULL,NULL,19,1,NULL,NULL,'N_DT',NULL),(32,'TRAN_EQ',NULL,NULL,'brokerId','Intermédiaire',1,NULL,NULL,NULL,20,0,NULL,NULL,'N_DT',NULL),(33,'TRAN_UC',NULL,NULL,'transCode.id','Poste',1,NULL,NULL,NULL,10,1,NULL,NULL,'S_DT',NULL),(34,'TRAN_UC',NULL,NULL,'secId','Titre',1,NULL,NULL,NULL,11,1,NULL,NULL,'N_DT',NULL),(35,'TRAN_UC',NULL,NULL,'dateTrade','Date Transaction',1,NULL,NULL,NULL,12,1,NULL,NULL,'D_DT',NULL),(36,'TRAN_UC',NULL,NULL,'dateSettl','Date R/L',1,NULL,NULL,NULL,13,1,'>=','dateTrade','D_DT','FIEL_ICT'),(37,'TRAN_UC',NULL,NULL,'portfId','Portefeuille',1,NULL,NULL,NULL,14,1,NULL,NULL,'N_DT',NULL),(38,'TRAN_UC',NULL,NULL,'custodyId','Dépositaire',1,NULL,NULL,NULL,15,1,NULL,NULL,'N_DT',NULL),(39,'TRAN_UC',NULL,NULL,'secAccountId','Compte titre',1,NULL,NULL,NULL,16,1,NULL,NULL,'N_DT',NULL),(40,'TRAN_UC',NULL,NULL,'cashAccountId','Compte espèces',1,NULL,NULL,NULL,17,1,NULL,NULL,'N_DT',NULL),(41,'TRAN_UC',NULL,NULL,'quantity','Quantité',1,NULL,NULL,NULL,18,1,NULL,NULL,'N_DT',NULL),(42,'TRAN_UC',NULL,NULL,'unitPrice','Prix',1,NULL,NULL,NULL,19,1,NULL,NULL,'N_DT',NULL),(43,'TRAN_UC',NULL,NULL,'subRedNatureId','Type SR',1,NULL,NULL,NULL,15,1,NULL,NULL,'S_DT',NULL),(44,'TRAN_UC','subRedTypeId','A_TRSRT','subRedAmount','Montant SR',1,NULL,NULL,NULL,18,1,NULL,NULL,'N_DT',NULL),(56,'TRAN_TD',NULL,NULL,'ctrpartId','Contrepartie',1,NULL,NULL,NULL,11,0,NULL,NULL,'N_DT',NULL),(63,'TRAN_TD',NULL,NULL,'interestBasisId','Base de calcul',1,NULL,NULL,NULL,18,1,NULL,NULL,'S_DT',NULL),(64,'TRAN_TD',NULL,NULL,'fxGrossAmount','Montant',1,NULL,NULL,NULL,19,1,NULL,NULL,'N_DT',NULL),(65,'TRAN_TD',NULL,NULL,'investDaysNbr','Nombre de jour',1,NULL,NULL,NULL,15,1,NULL,NULL,'N_DT',NULL),(68,'REF_REALESTATE',NULL,NULL,'currencyId','Devise',1,NULL,NULL,NULL,10,1,NULL,NULL,'S_DT',NULL),(69,'REF_REALESTATE',NULL,NULL,'u_code','code interne',1,NULL,20.00000000,NULL,10,1,NULL,NULL,'S_DT',NULL),(70,'REF_REALESTATE',NULL,NULL,'name','Libellé',1,NULL,50.00000000,NULL,10,1,NULL,NULL,'S_DT',NULL),(71,'REF_REALESTATE',NULL,NULL,'shortName','Libellé court',1,NULL,30.00000000,NULL,10,1,NULL,NULL,'S_DT',NULL),(72,'REF_REALESTATE',NULL,NULL,'categoryId','Catégorie',1,NULL,NULL,NULL,10,1,NULL,NULL,'S_DT',NULL),(73,'REF_REALESTATE',NULL,NULL,'rrealEstateDetail.ownerPortfId','Propriétaire',1,NULL,NULL,NULL,10,1,NULL,NULL,'S_DT',NULL),(74,'REF_REALESTATE',NULL,NULL,'rrealEstateDetail.datePurchase','Date acquisition',1,NULL,NULL,NULL,10,1,NULL,NULL,'D_DT',NULL),(130,'REF_SECURITIES',NULL,NULL,'currencyId','Devise',1,NULL,NULL,NULL,10,1,NULL,NULL,'S_DT',NULL),(131,'REF_SECURITIES',NULL,NULL,'u_code','Code interne',1,NULL,15.00000000,NULL,10,1,NULL,NULL,'S_DT',NULL),(132,'REF_SECURITIES',NULL,NULL,'name','Libellé',1,NULL,100.00000000,NULL,10,1,NULL,NULL,'S_DT',NULL),(133,'REF_SECURITIES',NULL,NULL,'shortName','Libellé court',1,NULL,30.00000000,NULL,10,1,NULL,NULL,'S_DT',NULL),(134,'REF_SECURITIES',NULL,NULL,'categoryId','Catégorie',1,NULL,NULL,NULL,10,1,NULL,NULL,'S_DT',NULL),(135,'REF_SECURITIES',NULL,NULL,'isin','Code ISIN',1,NULL,12.00000000,NULL,10,1,NULL,NULL,'S_DT',NULL),(136,'REF_SECURITIES',NULL,NULL,'issuerId','Emetteur',1,NULL,NULL,NULL,10,1,NULL,NULL,'N_DT',NULL),(137,'REF_SECURITIES',NULL,NULL,'shortName','Libellé court',1,NULL,30.00000000,NULL,10,1,NULL,NULL,'S_DT',NULL),(138,'REF_SECURITIES',NULL,NULL,'qtyDecimalNbr','Décimal quantité',1,NULL,NULL,NULL,10,1,NULL,NULL,'N_DT',NULL),(139,'REF_SECURITIES','classId','FI','nominal','Nominal',1,NULL,NULL,NULL,10,1,NULL,NULL,'N_DT',NULL),(140,'REF_SECURITIES','classId','FI','dateIssue','Date émission',1,NULL,NULL,NULL,10,1,NULL,NULL,'D_DT',NULL),(141,'REF_SECURITIES','classId','FI','dateEntitlement','Date jouissance',1,NULL,NULL,NULL,10,1,NULL,NULL,'D_DT',NULL),(142,'REF_SECURITIES','classId','FI','dateMaturity','Date échéance',1,NULL,NULL,NULL,10,1,NULL,NULL,'D_DT',NULL),(143,'REF_SECURITIES','classId','FI','couponRateValue','Taux facial',1,NULL,NULL,NULL,10,1,NULL,NULL,'N_DT',NULL),(144,'REF_SECURITIES','classId','FI','couponRateTypId','Type taux',1,NULL,NULL,NULL,10,1,NULL,NULL,'S_DT',NULL),(145,'REF_SECURITIES','classId','FI','couponBasisId','Base coupon',1,NULL,NULL,NULL,10,1,NULL,NULL,'S_DT',NULL),(146,'REF_SECURITIES','classId','FI','couponPeriodId','Période coupon',1,NULL,NULL,NULL,10,1,NULL,NULL,'S_DT',NULL),(147,'REF_SECURITIES','classId','FI','coupDatesMethId','Date anniversaire',1,NULL,NULL,NULL,10,1,NULL,NULL,'D_DT',NULL),(148,'REF_SECURITIES','classId','FI','pricingTypeId','Méthode valorisation',1,NULL,NULL,NULL,10,1,NULL,NULL,'S_DT',NULL),(149,'REF_SECURITIES','classId','FI','amortizTypeId','Type amortissement',1,NULL,NULL,'N',10,1,NULL,NULL,'S_DT',NULL),(150,'REF_SECURITIES','classId','FI','pricingCurveId','Courbe de taux',1,NULL,NULL,NULL,10,1,NULL,NULL,'S_DT',NULL),(151,'REF_SECURITIES','classId','FI','amortizPeriodId','Période remboursem',1,NULL,NULL,NULL,10,1,NULL,NULL,'S_DT',NULL),(152,'REF_SECURITIES','couponRateTypId','R','dateRevision','Date révision',1,NULL,NULL,NULL,10,1,NULL,NULL,'D_DT',NULL),(153,'REF_SECURITIES','classId','UC','fundManagerId','Société de gestion',1,NULL,NULL,NULL,10,1,NULL,NULL,'N_DT',NULL),(154,'REF_SECURITIES','classId','UC','legalFormId','Forme juridique',1,NULL,NULL,NULL,10,1,NULL,NULL,'S_DT',NULL),(155,'REF_SECURITIES','classId','UC','profitPolicyId','Type distribution',1,NULL,NULL,NULL,10,1,NULL,NULL,'S_DT',NULL),(157,'REF_SECURITIES','classId','UR','fundManagerId','Société de gestion',1,NULL,NULL,NULL,10,1,NULL,NULL,'N_DT',NULL),(158,'REF_SECURITIES','classId','UR','legalFormId','Forme juridique',1,NULL,NULL,NULL,10,1,NULL,NULL,'S_DT',NULL),(159,'REF_SECURITIES','classId','UR','profitPolicyId','Type distribution',1,NULL,NULL,NULL,10,1,NULL,NULL,'S_DT',NULL),(166,'REF_ACTORS',NULL,NULL,'name','Libellé',1,NULL,100.00000000,NULL,0,1,NULL,'','S_DT',NULL),(171,'REF_SECURITIES','classId','FI','dateIssue','Date emission',0,NULL,NULL,NULL,0,1,'<=','dateEntitlement','D_DT','FIEL_ICT'),(172,'REF_SECURITIES','classId','FI','dateEntitlement','Date juissance',0,NULL,NULL,NULL,0,1,'<','dateMaturity','D_DT','FIEL_ICT'),(174,'TRAN_FI',NULL,NULL,'dateSettl','Date R/L',1,NULL,NULL,NULL,13,1,'>=','dateTrade','D_DT','FIEL_ICT'),(175,'REF_ACTORS',NULL,NULL,'u_code','Code interne',1,NULL,20.00000000,NULL,10,1,NULL,NULL,'S_DT',NULL),(176,'REF_PORTFS',NULL,NULL,'u_code','Code interne',1,NULL,20.00000000,NULL,10,1,NULL,NULL,'S_DT',NULL),(179,'REF_CASH_ACC',NULL,NULL,'u_code','Code interne',1,NULL,20.00000000,NULL,10,1,NULL,NULL,'S_DT',NULL),(180,'REF_SEC_ACC',NULL,NULL,'u_code','Code interne',1,NULL,20.00000000,NULL,10,1,NULL,NULL,'S_DT',NULL),(181,'REF_PRIVATE_EQ',NULL,NULL,'u_code','Code interne',1,NULL,20.00000000,NULL,10,1,NULL,NULL,'S_DT',NULL),(182,'REF_PROJECT',NULL,NULL,'u_code','Code interne',1,NULL,20.00000000,NULL,10,1,NULL,NULL,'S_DT',NULL),(183,'REF_CONTRACT',NULL,NULL,'u_code','Code interne',1,NULL,20.00000000,NULL,10,1,NULL,NULL,'S_DT',NULL),(184,'REF_CLIENT',NULL,NULL,'nature','Nature P/M',1,NULL,NULL,NULL,0,1,NULL,'','S_DT',NULL),(185,'REF_CLIENT',NULL,NULL,'name','Libellé',1,NULL,50.00000000,NULL,0,1,NULL,'','S_DT',NULL),(187,'REF_CLIENT',NULL,NULL,'entity','Entity',1,NULL,NULL,NULL,0,1,NULL,NULL,'N_DT',NULL),(188,'REF_TENANT',NULL,NULL,'nature','Nature P/M',1,NULL,NULL,NULL,0,1,NULL,'','S_DT',NULL),(189,'REF_TENANT',NULL,NULL,'name','Libellé',1,NULL,50.00000000,NULL,0,1,NULL,'','S_DT',NULL),(191,'REF_TENANT',NULL,NULL,'entity','Entity',1,NULL,NULL,NULL,0,1,NULL,NULL,'N_DT',NULL),(192,'REF_SECURITIES','classId','FI','coupDatesMethId','Coupon anniv dates',1,NULL,NULL,NULL,0,1,NULL,'','S_DT',NULL),(193,'REF_REALESTATE',NULL,NULL,'rrealEstateDetail.weightedArea','Surface locative',1,NULL,NULL,NULL,0,1,NULL,NULL,'N_DT',NULL),(194,'REF_REALESTATE',NULL,NULL,'rrealEstateDetail.city','Ville',1,NULL,NULL,NULL,0,1,NULL,'','S_DT',NULL),(195,'REF_REALESTATE',NULL,NULL,'rrealEstateDetail.adress','Adresse',1,NULL,100.00000000,NULL,0,1,NULL,'','S_DT',NULL),(196,'REF_REALESTATE',NULL,NULL,'rrealEstateDetail.avgRentPerSq','Loyer de référence /m2',1,NULL,NULL,NULL,0,1,NULL,NULL,'N_DT',NULL),(197,'REF_REALESTATE',NULL,NULL,'rrealEstateDetail.landTitle','Titre foncier',1,NULL,30.00000000,NULL,0,1,NULL,'','S_DT',NULL),(198,'REF_REALESTATE',NULL,NULL,'issueCountryId','Pays',1,NULL,NULL,NULL,0,1,NULL,'','S_DT',NULL),(199,'REF_LEASE_CONTRACT',NULL,NULL,'dateStart','Date début',1,NULL,NULL,NULL,0,1,NULL,NULL,'D_DT',NULL),(200,'REF_LEASE_CONTRACT',NULL,NULL,'dateEnd','Date échéance',1,NULL,NULL,NULL,0,1,NULL,NULL,'D_DT',NULL),(201,'REF_LEASE_CONTRACT',NULL,NULL,'leaseAmount','Montant du loyer',1,NULL,NULL,NULL,0,1,NULL,NULL,'N_DT',NULL),(202,'REF_LEASE_CONTRACT',NULL,NULL,'dateFirstPayem','Date premier payement',1,NULL,NULL,NULL,0,1,NULL,NULL,'D_DT',NULL),(203,'REF_LEASE_CONTRACT',NULL,NULL,'clientId','Locataire',1,NULL,NULL,NULL,0,1,NULL,NULL,'N_DT',NULL),(204,'REF_LEASE_CONTRACT',NULL,NULL,'secId','Bien immobilier',1,NULL,NULL,NULL,0,1,NULL,NULL,'N_DT',NULL),(205,'REF_LEASE_CONTRACT',NULL,NULL,'leasePeriodId','Périodicité loyer',1,NULL,NULL,NULL,0,1,NULL,'','S_DT',NULL),(206,'REF_LEASE_CONTRACT',NULL,NULL,'rentTaxScaleId','Barème TVA loyer',1,NULL,NULL,NULL,0,1,NULL,'','S_DT',NULL),(207,'REF_LEASE_CONTRACT',NULL,NULL,'chargTaxScaleId','Barème TVA charges',1,NULL,NULL,NULL,0,1,NULL,'','S_DT',NULL),(208,'REF_LEASE_CONTRACT',NULL,NULL,'chargesAmount','Montant charges',1,NULL,NULL,NULL,0,1,NULL,NULL,'N_DT',NULL),(209,'REF_ACTORS',NULL,NULL,'shortname','Libellé court',1,NULL,30.00000000,NULL,0,1,NULL,'','S_DT',NULL),(210,'REF_ACTORS',NULL,NULL,'entityList','Entités',1,NULL,NULL,NULL,0,1,NULL,'','S_DT',NULL),(211,'REF_ACTORS',NULL,NULL,'roles','Rôles',1,NULL,NULL,NULL,0,1,NULL,'','S_DT',NULL),(212,'REF_BENCHMARK',NULL,NULL,'name','Libellé',1,NULL,50.00000000,NULL,0,1,NULL,'','S_DT',NULL),(213,'REF_BENCHMARK',NULL,NULL,'classId','Classe',1,NULL,NULL,NULL,0,1,NULL,'','S_DT',NULL),(214,'REF_BENCHMARK',NULL,NULL,'categoryId','Catégorie',1,NULL,NULL,NULL,0,1,NULL,'','S_DT',NULL),(215,'REF_CASH_ACC',NULL,NULL,'name','Libellé',1,NULL,50.00000000,NULL,0,1,NULL,'','S_DT',NULL),(216,'REF_CASH_ACC',NULL,NULL,'currency','Devise',1,NULL,NULL,NULL,0,1,NULL,'','S_DT',NULL),(217,'REF_CASH_ACC',NULL,NULL,'category','Catégorie de compte',1,NULL,NULL,NULL,0,1,NULL,'','S_DT',NULL),(218,'REF_CASH_ACC',NULL,NULL,'accountNumber','Numéro de compte',1,NULL,24.00000000,NULL,0,1,NULL,'','S_DT',NULL),(219,'REF_CASH_ACC',NULL,NULL,'bank','Banque',1,NULL,NULL,NULL,0,1,NULL,NULL,'N_DT',NULL),(220,'REF_CASH_ACC',NULL,NULL,'entity','Entité',1,NULL,NULL,NULL,0,1,NULL,NULL,'N_DT',NULL),(221,'REF_PORTFS',NULL,NULL,'name','Libellé',1,NULL,50.00000000,NULL,0,1,NULL,'','S_DT',NULL),(222,'REF_PORTFS',NULL,NULL,'entity','Entité',1,NULL,NULL,NULL,0,1,NULL,NULL,'N_DT',NULL),(223,'REF_PORTFS',NULL,NULL,'shortname','Libellé court',1,NULL,30.00000000,NULL,0,1,NULL,'','S_DT',NULL),(224,'REF_PORTFS',NULL,NULL,'categoryId','Catégorie',1,NULL,NULL,NULL,0,1,NULL,'','S_DT',NULL),(225,'REF_PORTFS',NULL,NULL,'pnLscope','Périmètre PNL',1,NULL,NULL,NULL,0,1,NULL,'','S_DT',NULL),(226,'REF_PORTFS',NULL,NULL,'pnlSettingId','Méthode PNL',1,NULL,NULL,NULL,0,1,NULL,'','S_DT',NULL),(227,'REF_PORTFS',NULL,NULL,'refCurrency','Devise de référence',1,NULL,NULL,NULL,0,1,NULL,'','S_DT',NULL),(228,'REF_PORTF_ANAL',NULL,NULL,'analyticTypeId','Type analytique',1,NULL,NULL,NULL,0,1,NULL,'','S_DT',NULL),(229,'REF_PORTFS',NULL,NULL,'roles','Rôles',1,NULL,NULL,NULL,0,1,NULL,'','S_DT',NULL),(230,'REF_PORTFS','nAVcalcul','1','firstNavDate','Date première VL',1,NULL,NULL,NULL,0,1,NULL,NULL,'D_DT',NULL),(231,'REF_PORTFS','nAVcalcul','1','firstNavValue','Valeur première VL',1,NULL,NULL,NULL,0,1,NULL,NULL,'N_DT',NULL),(232,'REF_PORTFS','nAVcalcul','1','navFrequency','Fréquence VL',1,NULL,NULL,NULL,0,1,NULL,'','S_DT',NULL),(233,'REF_SECURITIES',NULL,NULL,'entityList','Entités',1,NULL,NULL,NULL,0,1,NULL,'','S_DT',NULL),(234,'REF_SEC_ACC',NULL,NULL,'name','Libellé',1,NULL,50.00000000,NULL,0,1,NULL,'','S_DT',NULL),(235,'REF_SEC_ACC',NULL,NULL,'accountNumber','Numéro de compte',1,NULL,30.00000000,NULL,0,1,NULL,'','S_DT',NULL),(236,'REF_SEC_ACC',NULL,NULL,'custody','Dépositaire',1,NULL,NULL,NULL,0,1,NULL,NULL,'N_DT',NULL),(237,'REF_SEC_ACC',NULL,NULL,'entity','Entité',1,NULL,NULL,NULL,0,1,NULL,NULL,'N_DT',NULL),(238,'REF_PRIVATE_EQ',NULL,NULL,'u_code','Code interne',1,NULL,20.00000000,NULL,0,1,NULL,'','S_DT',NULL),(239,'REF_PRIVATE_EQ',NULL,NULL,'entityList','Entité',1,NULL,NULL,NULL,0,1,NULL,'','S_DT',NULL),(240,'REF_PRIVATE_EQ',NULL,NULL,'name','Libellé',1,NULL,50.00000000,NULL,0,1,NULL,'','S_DT',NULL),(241,'REF_PRIVATE_EQ',NULL,NULL,'shortName','Libellé court',1,NULL,30.00000000,NULL,0,1,NULL,'','S_DT',NULL),(242,'REF_PRIVATE_EQ',NULL,NULL,'currencyId','Devise',1,NULL,NULL,NULL,0,1,NULL,'','S_DT',NULL),(243,'REF_PRIVATE_EQ',NULL,NULL,'issuerId','Emetteur',1,NULL,NULL,NULL,0,1,NULL,NULL,'N_DT',NULL),(244,'REF_PRIVATE_EQ',NULL,NULL,'categoryId','Catégorie',1,NULL,NULL,NULL,0,1,NULL,'','S_DT',NULL),(245,'TRAN_EQ',NULL,NULL,'dateSettl','Date R/L',1,NULL,NULL,NULL,13,1,'>=','dateTrade','D_DT','FIEL_ICT'),(247,'REF_PORTF_ANAL',NULL,NULL,'u_code','Code interne',1,NULL,20.00000000,NULL,10,1,NULL,NULL,'S_DT',NULL),(248,'REF_PORTF_ANAL',NULL,NULL,'name','Libellé',1,NULL,50.00000000,NULL,0,1,NULL,'','S_DT',NULL),(249,'REF_PORTF_ANAL',NULL,NULL,'entity','Entité',1,NULL,NULL,NULL,0,1,NULL,NULL,'N_DT',NULL),(250,'REF_PORTF_ANAL',NULL,NULL,'shortname','Libellé court',1,NULL,30.00000000,NULL,0,1,NULL,'','S_DT',NULL),(251,'REF_PORTF_ANAL',NULL,NULL,'categoryId','Catégorie',1,NULL,NULL,NULL,0,1,NULL,'','S_DT',NULL),(252,'REF_PORTF_ANAL',NULL,NULL,'pnLscope','Périmètre PNL',1,NULL,NULL,NULL,0,1,NULL,'','S_DT',NULL),(253,'REF_PORTF_ANAL',NULL,NULL,'pnlSettingId','Méthode PNL',1,NULL,NULL,NULL,0,1,NULL,'','S_DT',NULL),(254,'REF_PORTF_ANAL',NULL,NULL,'refCurrency','Devise de référence',1,NULL,NULL,NULL,0,1,NULL,'','S_DT',NULL),(255,'REF_PORTF_ANAL',NULL,NULL,'roles','Rôles',1,NULL,NULL,NULL,0,1,NULL,'','S_DT',NULL),(256,'REF_PORTF_ANAL','nAVcalcul','1','firstNavDate','Date première VL',1,NULL,NULL,NULL,0,1,NULL,NULL,'D_DT',NULL),(257,'REF_PORTF_ANAL','nAVcalcul','1','firstNavValue','Valeur première VL',1,NULL,NULL,NULL,0,1,NULL,NULL,'N_DT',NULL),(258,'REF_PORTF_ANAL','nAVcalcul','1','navFrequency','Fréquence VL',1,NULL,NULL,NULL,0,1,NULL,'','S_DT',NULL),(259,'REF_SUB_PORTFS',NULL,NULL,'u_code','Code interne',1,NULL,20.00000000,NULL,10,1,NULL,NULL,'S_DT',NULL),(260,'REF_SUB_PORTFS',NULL,NULL,'name','Libellé',1,NULL,50.00000000,NULL,0,1,NULL,'','S_DT',NULL),(261,'REF_SUB_PORTFS',NULL,NULL,'entity','Entité',1,NULL,NULL,NULL,0,1,NULL,NULL,'N_DT',NULL),(262,'REF_SUB_PORTFS',NULL,NULL,'shortname','Libellé court',1,NULL,30.00000000,NULL,0,1,NULL,'','S_DT',NULL),(263,'REF_SUB_PORTFS',NULL,NULL,'categoryId','Catégorie',1,NULL,NULL,NULL,0,1,NULL,'','S_DT',NULL),(264,'REF_SUB_PORTFS',NULL,NULL,'pnLscope','Périmètre PNL',1,NULL,NULL,NULL,0,1,NULL,'','S_DT',NULL),(265,'REF_SUB_PORTFS',NULL,NULL,'pnlSettingId','Méthode PNL',1,NULL,NULL,NULL,0,1,NULL,'','S_DT',NULL),(266,'REF_SUB_PORTFS',NULL,NULL,'refCurrency','Devise de référence',1,NULL,NULL,NULL,0,1,NULL,'','S_DT',NULL),(267,'REF_SUB_PORTFS',NULL,NULL,'roles','Rôles',1,NULL,NULL,NULL,0,1,NULL,'','S_DT',NULL),(268,'REF_SUB_PORTFS','nAVcalcul','1','firstNavDate','Date première VL',1,NULL,NULL,NULL,0,1,NULL,NULL,'D_DT',NULL),(269,'REF_SUB_PORTFS','nAVcalcul','1','firstNavValue','Valeur première VL',1,NULL,NULL,NULL,0,1,NULL,NULL,'N_DT',NULL),(270,'REF_SUB_PORTFS','nAVcalcul','1','navFrequency','Fréquence VL',1,NULL,NULL,NULL,0,1,NULL,'','S_DT',NULL),(271,'INDICATOR_DEF',NULL,'','name','LIbellé',1,0.00000000,100.00000000,NULL,0,1,NULL,'','S_DT',NULL),(272,'INDICATOR_DEF',NULL,'','entityId','Entité',1,NULL,NULL,NULL,0,1,NULL,'','S_DT',NULL),(273,'INDICATOR_DEF',NULL,'','conformGroup','Groupe',1,NULL,NULL,NULL,0,1,NULL,'','S_DT',NULL),(274,'INDICATOR_DEF',NULL,'','lowerLimit','Limite min',1,NULL,NULL,NULL,0,1,NULL,'','S_DT',NULL),(275,'INDICATOR_DEF',NULL,'','higherLimit','Limite max',1,NULL,NULL,NULL,0,1,NULL,'','S_DT',NULL),(276,'INDICATOR_DEF',NULL,'','limitTypeId','Type de limite',1,NULL,NULL,NULL,0,1,NULL,'','S_DT',NULL),(277,'INDICATOR_DEF',NULL,'','indicDef','Indicateur',1,NULL,NULL,NULL,0,1,NULL,'','S_DT',NULL),(279,'REF_PORTFS','roles','PPR','client','Client',1,NULL,NULL,NULL,0,1,NULL,NULL,'N_DT',NULL),(280,'REF_PF_FDG',NULL,'','name','Libellé',1,0.00000000,30.00000000,NULL,0,1,NULL,'','S_DT',NULL),(281,'REF_PF_FDG',NULL,'','portfId','Portefeuille',1,NULL,NULL,NULL,0,1,NULL,NULL,'N_DT',NULL),(282,'REF_PF_FDG',NULL,'','scaleId','Barème',1,NULL,NULL,NULL,0,1,NULL,'','S_DT',NULL),(283,'REF_PF_FDG',NULL,'','categoryId','Catégorie',1,NULL,NULL,NULL,0,1,NULL,'','S_DT',NULL),(284,'SETT_FEES_SCALE',NULL,'','id','Identifiant',1,0.00000000,10.00000000,NULL,0,1,NULL,'','S_DT',NULL),(285,'SETT_FEES_SCALE',NULL,'','name','Libellé',1,0.00000000,50.00000000,NULL,0,1,NULL,'','S_DT',NULL),(286,'SETT_FEES_SCALE',NULL,'','vatRate','Taux TVA',1,NULL,NULL,NULL,0,1,NULL,NULL,'N_DT',NULL),(287,'SETT_FEES_SCALE',NULL,'','scaleValue','Valeur du barème',1,NULL,NULL,NULL,0,1,NULL,NULL,'N_DT',NULL),(288,'SETT_FEES_SCALE','calculType','RAT_SCT','basisLib','Base de calcul',1,NULL,NULL,NULL,0,1,NULL,'','S_DT',NULL),(289,'SETT_FEES_SCALE',NULL,'','calculType','Type de calcul',1,NULL,NULL,NULL,0,1,NULL,'','S_DT',NULL),(290,'SETT_FEES_SCALE',NULL,'','currencyLib','Devise',1,NULL,NULL,NULL,0,1,NULL,'','S_DT',NULL),(291,'SETT_FEES_SCALE',NULL,'','category','Catégorie',1,NULL,NULL,NULL,0,1,NULL,'','S_DT',NULL),(292,'SETT_LIBRARY',NULL,'','id','Code',1,0.00000000,15.00000000,NULL,0,1,NULL,'','S_DT',NULL),(293,'SETT_LIBRARY',NULL,'','name','Libellé',1,0.00000000,50.00000000,NULL,0,1,NULL,'','S_DT',NULL),(294,'SETT_LIBRARY',NULL,'','category','Catégorie',1,NULL,NULL,NULL,0,1,NULL,'','S_DT',NULL),(295,'SETT_LIBRARY',NULL,'','value','Valeur',1,0.00000000,1000.00000000,NULL,0,1,NULL,'','S_DT',NULL),(296,'SETT_LIBRARY',NULL,'','dataTypeId','Type de donnée',1,NULL,NULL,NULL,0,1,NULL,'','S_DT',NULL),(297,'SETT_LIBRARY','listTypeId','REP_RSL','listValue','Valeur de la liste',1,NULL,NULL,NULL,0,1,NULL,'','S_DT',NULL),(298,'SETT_LIBRARY','listTypeId','SYS_RSL','listValue','Valeur de la liste',1,NULL,NULL,NULL,0,1,NULL,'','S_DT',NULL),(299,'SETT_LIBRARY','listTypeId','QUE_RSL','listValue','Valeur de la liste',1,0.00000000,1000.00000000,NULL,0,1,NULL,'','S_DT',NULL),(300,'SETT_LIBRARY','listTypeId','CUS_RSL','listValue','Valeur de la liste',1,NULL,NULL,NULL,0,1,NULL,'','S_DT',NULL),(301,'SETT_LIMIT',NULL,'','name','Libellé',1,0.00000000,50.00000000,NULL,0,1,NULL,'','S_DT',NULL),(302,'SETT_LIMIT',NULL,'','entityId','Entité',1,NULL,NULL,NULL,0,1,NULL,NULL,'N_DT',NULL),(303,'SETT_LIMIT',NULL,'','dateStart','Date début',1,NULL,NULL,NULL,0,1,NULL,NULL,'D_DT',NULL),(304,'SETT_LIMIT',NULL,'','dateEnd','Date fin',1,NULL,NULL,NULL,0,1,'>','dateStart','D_DT','FIEL_ICT'),(305,'SETT_LIMIT',NULL,'','alertMessage','Message d\'alerte',1,0.00000000,100.00000000,NULL,0,1,NULL,'','S_DT',NULL),(306,'SETT_LIMIT',NULL,'','fieldId','Champ',1,NULL,NULL,NULL,0,1,NULL,'','S_DT',NULL),(307,'SETT_LIMIT',NULL,'','conformGroup','Groupe',1,NULL,NULL,NULL,0,1,NULL,'','S_DT',NULL),(308,'SETT_LIMIT',NULL,'','ctransLimitControlList','Liste postes',1,NULL,NULL,NULL,0,1,NULL,'','S_DT',NULL),(309,'SETT_LIMIT',NULL,'','climitCriteriaGroupList','Liste critères',1,NULL,NULL,NULL,0,1,NULL,'','S_DT',NULL),(310,'REF_MAPPING',NULL,'','sourceId','Identifiant Source',1,0.00000000,30.00000000,NULL,0,1,NULL,'','S_DT',NULL),(311,'REF_MAPPING',NULL,'','systemId','Identifiant système',1,0.00000000,20.00000000,NULL,0,1,NULL,'','S_DT',NULL),(312,'REF_MAPPING',NULL,'','columnId','Colonne',1,NULL,NULL,NULL,0,1,NULL,'','S_DT',NULL),(313,'REF_MAPPING',NULL,'','dataSourceId','Source de données',1,NULL,NULL,NULL,0,1,NULL,'','S_DT',NULL),(314,'REF_LIST',NULL,'','id','Identifiant',1,0.00000000,10.00000000,NULL,0,1,NULL,'','S_DT',NULL),(315,'REF_LIST',NULL,'','name','Libellé',1,0.00000000,100.00000000,NULL,0,1,NULL,'','S_DT',NULL),(316,'REF_LIST',NULL,'','sorting','Ordre',1,NULL,NULL,NULL,0,1,NULL,NULL,'N_DT',NULL),(317,'REF_LIST',NULL,'','listname','Liste',1,0.00000000,30.00000000,NULL,0,1,NULL,'','S_DT',NULL),(318,'SETT_PRIC_METH',NULL,'','id','Code',1,0.00000000,10.00000000,NULL,0,1,NULL,'','S_DT',NULL),(319,'SETT_PRIC_METH',NULL,'','name','Libellé',1,0.00000000,100.00000000,NULL,0,1,NULL,'','S_DT',NULL),(320,'SETT_PRIC_METH',NULL,'','categoryId','Catégorie',1,NULL,NULL,NULL,0,1,NULL,'','S_DT',NULL),(321,'SETT_PRIC_METH',NULL,'','sourceId','Source',1,NULL,NULL,NULL,0,1,NULL,'','S_DT',NULL),(322,'SETT_PRIC_METH','categoryId','TRA_PRC','screenId','Ecran',1,NULL,NULL,NULL,0,1,NULL,'','S_DT',NULL),(323,'SETT_PRIC_METH','sourceId','LIB_PSS','libraryId','Bibliothèque',1,NULL,NULL,NULL,0,1,NULL,'','S_DT',NULL),(324,'TRAN_PEQ',NULL,'','entityId','Entité',1,NULL,NULL,NULL,0,1,NULL,NULL,'N_DT',NULL),(325,'TRAN_PEQ',NULL,'','dateTrade','Date transaction',1,NULL,NULL,NULL,0,1,NULL,NULL,'D_DT',NULL),(326,'TRAN_PEQ',NULL,'','dateSettl','Date dénouement',1,NULL,NULL,NULL,0,1,'>=','dateTrade','D_DT','FIEL_ICT'),(327,'TRAN_PEQ',NULL,'','quantity','Quantité',1,NULL,NULL,NULL,0,1,NULL,NULL,'N_DT',NULL),(328,'TRAN_PEQ',NULL,'','unitPrice','Cours',1,NULL,NULL,NULL,0,1,NULL,NULL,'N_DT',NULL),(329,'TRAN_PEQ',NULL,'','secId','Titre',1,NULL,NULL,NULL,0,1,NULL,NULL,'N_DT',NULL),(330,'TRAN_PEQ',NULL,'','portfId','Portefeuille',1,NULL,NULL,NULL,0,1,NULL,NULL,'N_DT',NULL),(331,'TRAN_PEQ',NULL,'','custodyId','Dépositaire',1,NULL,NULL,NULL,0,1,NULL,NULL,'N_DT',NULL),(332,'TRAN_PEQ',NULL,'','secAccountId','Compte titres',1,NULL,NULL,NULL,0,1,NULL,NULL,'N_DT',NULL),(333,'TRAN_PEQ',NULL,'','cashAccountId','Compte espèces',1,NULL,NULL,NULL,0,1,NULL,NULL,'N_DT',NULL),(334,'TRAN_PEQ',NULL,'','externalRef','Référence',1,0.00000000,20.00000000,NULL,0,1,NULL,'','S_DT',NULL),(335,'TRAN_PEQ',NULL,'','transCode.id','Poste',1,NULL,NULL,NULL,0,1,NULL,'','S_DT',NULL),(336,'TRAN_FS',NULL,NULL,'transCode.id','Poste',1,NULL,NULL,NULL,10,1,NULL,NULL,'S_DT',NULL),(338,'TRAN_FS',NULL,NULL,'dateTrade','Date Transaction',1,NULL,NULL,NULL,12,1,NULL,NULL,'D_DT',NULL),(339,'TRAN_FS',NULL,NULL,'portfId','Portefeuille',1,NULL,NULL,NULL,14,1,NULL,NULL,'N_DT',NULL),(342,'TRAN_FS',NULL,NULL,'cashAccountId','Compte espèces',1,NULL,NULL,NULL,17,1,NULL,NULL,'N_DT',NULL),(345,'TRAN_FS',NULL,NULL,'ctrpartId','Contrpartie',1,NULL,NULL,NULL,20,0,NULL,NULL,'N_DT',NULL),(346,'TRAN_FS',NULL,NULL,'dateSettl','Date R/L',1,NULL,NULL,NULL,13,1,'>=','dateTrade','D_DT','FIEL_ICT'),(351,'TRAN_FS',NULL,NULL,'ctrpCashAccntId','Compte contrepartie',1,NULL,NULL,NULL,0,1,NULL,NULL,'N_DT',NULL),(352,'TRAN_FS',NULL,NULL,'fxRate','Taux de change',1,NULL,NULL,NULL,0,1,NULL,NULL,'N_DT',NULL),(353,'TRAN_TD',NULL,'','interestRate','Taux d\'intérêts',1,NULL,NULL,NULL,0,1,NULL,NULL,'N_DT',NULL),(354,'TRAN_TD',NULL,'','interestAmount','Montant des intérêts',1,NULL,NULL,NULL,0,1,NULL,NULL,'N_DT',NULL),(355,'TRAN_TD',NULL,'','dateMaturity','Date échéance',1,NULL,NULL,NULL,0,1,'>=','dateTrade','D_DT','FIEL_ICT'),(356,'TRAN_TD',NULL,NULL,'transCode.id','Poste',1,NULL,NULL,NULL,10,1,NULL,NULL,'S_DT',NULL),(357,'TRAN_TD',NULL,NULL,'dateTrade','Date Transaction',1,NULL,NULL,NULL,12,1,NULL,NULL,'D_DT',NULL),(358,'TRAN_TD',NULL,NULL,'portfId','Portefeuille',1,NULL,NULL,NULL,14,1,NULL,NULL,'N_DT',NULL),(359,'TRAN_TD',NULL,NULL,'cashAccountId','Compte espèces',1,NULL,NULL,NULL,17,1,NULL,NULL,'N_DT',NULL),(361,'TRAN_TD',NULL,NULL,'dateSettl','Date R/L',1,NULL,NULL,NULL,13,1,'>=','dateTrade','D_DT','FIEL_ICT'),(363,'TRAN_TD',NULL,NULL,'fxRate','Taux de change',1,NULL,NULL,NULL,0,1,NULL,NULL,'N_DT',NULL),(371,'SETT_FREE_FIELD',NULL,'','menu_id','Ecran',1,NULL,NULL,NULL,0,1,NULL,'','S_DT',NULL),(372,'SETT_FREE_FIELD',NULL,'','name','Libellé',1,0.00000000,30.00000000,NULL,0,1,NULL,'','S_DT',NULL),(373,'SETT_FREE_FIELD',NULL,'','dataTypeId','Type de donnée',1,NULL,NULL,NULL,0,1,NULL,'','S_DT',NULL),(375,'SETT_LIBRARY','listTypeId','REP_RSL','listValue','Valeur de la liste',1,NULL,NULL,NULL,0,1,NULL,'','S_DT',NULL),(376,'SETT_LIBRARY','listTypeId','SYS_RSL','listValue','Valeur de la liste',1,NULL,NULL,NULL,0,1,NULL,'','S_DT',NULL),(377,'SETT_LIBRARY','listTypeId','QUE_RSL','listValue','Valeur de la liste',1,0.00000000,1000.00000000,NULL,0,1,NULL,'','S_DT',NULL),(378,'SETT_LIBRARY','listTypeId','CUS_RSL','listValue','Valeur de la liste',1,NULL,NULL,NULL,0,1,NULL,'','S_DT',NULL),(379,'TRAN_FS',NULL,'','fxGrossAmount','Montant devise',1,NULL,NULL,NULL,0,1,NULL,NULL,'N_DT',NULL),(380,'TRAN_TD',NULL,'','entityId','Entité',1,NULL,NULL,NULL,0,1,NULL,NULL,'N_DT',NULL),(381,'TRAN_FS',NULL,'','entityId','Entité',1,NULL,NULL,NULL,0,1,NULL,NULL,'N_DT',NULL),(382,'TRAN_EQ',NULL,'','entityId','Entité',1,NULL,NULL,NULL,0,1,NULL,NULL,'N_DT',NULL),(383,'TRAN_FI',NULL,'','entityId','Entité',1,NULL,NULL,NULL,0,1,NULL,NULL,'N_DT',NULL),(384,'TRAN_RE',NULL,'','entityId','Entité',1,NULL,NULL,NULL,0,1,NULL,NULL,'N_DT',NULL),(385,'TRAN_UC',NULL,'','entityId','Entité',1,NULL,NULL,NULL,0,1,NULL,NULL,'N_DT',NULL),(386,'REF_SECURITIES',NULL,NULL,'ticker','ticker',0,NULL,7.00000000,NULL,10,1,NULL,NULL,'S_DT',NULL),(387,'REF_SECURITIES',NULL,NULL,'fz1','Zone libre 1',0,NULL,15.00000000,NULL,10,1,NULL,NULL,'S_DT',NULL),(388,'REF_SECURITIES',NULL,NULL,'fz2','Zone libre 2',0,NULL,15.00000000,NULL,10,1,NULL,NULL,'S_DT',NULL),(389,'REF_SECURITIES',NULL,NULL,'fz3','Zone libre 3',0,NULL,15.00000000,NULL,10,1,NULL,NULL,'S_DT',NULL),(390,'REF_SECURITIES',NULL,NULL,'fz4','Zone libre 4',0,NULL,15.00000000,NULL,10,1,NULL,NULL,'S_DT',NULL),(391,'REF_SECURITIES',NULL,NULL,'fz5','Zone libre 5',0,NULL,15.00000000,NULL,10,1,NULL,NULL,'S_DT',NULL),(392,'REF_SECURITIES',NULL,NULL,'fz6','Zone libre 6',0,NULL,15.00000000,NULL,10,1,NULL,NULL,'S_DT',NULL),(393,'REF_SECURITIES',NULL,NULL,'fz7','Zone libre 7',0,NULL,15.00000000,NULL,10,1,NULL,NULL,'S_DT',NULL),(394,'REF_SECURITIES',NULL,NULL,'fz8','Zone libre 8',0,NULL,15.00000000,NULL,10,1,NULL,NULL,'S_DT',NULL),(395,'REF_SECURITIES',NULL,NULL,'fz9','Zone libre 9',0,NULL,15.00000000,NULL,10,1,NULL,NULL,'S_DT',NULL),(396,'REF_SECURITIES',NULL,NULL,'fz10','Zone libre 10',0,NULL,15.00000000,NULL,10,1,NULL,NULL,'S_DT',NULL),(397,'REF_REF','navCalcul','1','entity','recepteur',1,2.00000000,10.00000000,'M',1,1,'!=','10','AART','PORTF_UC'),(398,'','','','','',0,NULL,NULL,'',0,0,'!=','','1M_MIND','1M_MIND'),(399,'','','','','',0,NULL,NULL,'',0,0,'!=','','1M_MIND','1M_MIND'),(400,'','','','','',0,NULL,NULL,'',0,0,'!=','','1M_MIND','1M_MIND');
/*!40000 ALTER TABLE `cinput_control` ENABLE KEYS */;
UNLOCK TABLES;

--
-- Table structure for table `clistcust`
--

DROP TABLE IF EXISTS `clistcust`;
/*!40101 SET @saved_cs_client     = @@character_set_client */;
/*!50503 SET character_set_client = utf8mb4 */;
CREATE TABLE `clistcust` (
  `id` varchar(10) NOT NULL,
  `name` varchar(100) NOT NULL,
  `list_name` varchar(30) NOT NULL,
  `parent_id` varchar(10) DEFAULT NULL,
  `sorting` int DEFAULT NULL,
  `visible` tinyint(1) NOT NULL,
  PRIMARY KEY (`id`),
  KEY `clist_parent` (`parent_id`)
) ENGINE=InnoDB DEFAULT CHARSET=utf8mb3;
/*!40101 SET character_set_client = @saved_cs_client */;

--
-- Dumping data for table `clistcust`
--

LOCK TABLES `clistcust` WRITE;
/*!40000 ALTER TABLE `clistcust` DISABLE KEYS */;
INSERT INTO `clistcust` VALUES ('10_CREG','Prêts 1er hypothèque immeubles Maroc','classifReglem','',10,0),('11_CREG','Prêts sur les valeurs énumérées au 1 et 2','classifReglem',NULL,110,1),('14_CREG','BT','classifReglem',NULL,140,1),('15_CREG','OBL côtées','classifReglem',NULL,150,1),('16_CREG','Autres OBL visées par CDVM','classifReglem',NULL,160,1),('17_CREG','Actions cotées','classifReglem',NULL,170,1),('18_CREG','OPCVM Investi en 1 et 2','classifReglem',NULL,180,1),('19_CREG','Autres OPCVM','classifReglem',NULL,190,1),('1_CREG','Valeurs de l\'Etat','classifReglem',NULL,10,1),('20_CREG','Obligations FPCT','classifReglem',NULL,200,1),('21_CREG','Primes à recevoir VIE net taxe et de ch/g','classifReglem',NULL,210,1),('22_CREG','Primes à recevoir NON VIE net taxe et de ch/g','classifReglem',NULL,220,1),('23_CREG','créances sur compagnie assurance et de reassurance au titre de la cession legale','classifReglem',NULL,230,1),('24_CREG','créances nettes sur les cedants au titres des acceptations','classifReglem',NULL,240,1),('25_CREG','espece en caisse ou deposé','classifReglem',NULL,250,1),('26_CREG','ch/r d\'acquisition reportées','classifReglem',NULL,260,1),('27_CREG','autres placement sur autorisation','classifReglem',NULL,270,1),('2_CREG','Valeurs garanties par l\'Etat','classifReglem',NULL,20,1),('3_CREG','Créances sur le fonds de solidarité des assurances','classifReglem',NULL,30,1),('4_CREG','Créance sur la SCR au titre de la Cession legale','classifReglem',NULL,40,1),('5_CREG','Oblig émises par les Banques','classifReglem',NULL,50,1),('6_CREG','Avance sur contrats Vie','classifReglem',NULL,60,1),('7_CREG','Immeubles urbains bâtis situés au Maroc','classifReglem',NULL,70,1),('8_CREG','Autres Immeubles urbains situés au Maroc','classifReglem',NULL,80,1),('9_CREG','Parts et actions des sociétés Immobilières','classifReglem',NULL,90,1),('ACPR_EDMC','Accord de principe','edmDocCategory','DOC_CENTR',14,1),('ACT','ACTION','SecCateg','EQ',130,1),('AC_BAMC','Administration centrale','actorCategory',NULL,10,1),('ADOC_EDMC','Fiche signalétique','edmDocCategory','DOC_ACTOR',11,1),('AD_N','ANDORRE','Nationality',NULL,62,1),('AE_N','EMIRATS ARABES','Nationality',NULL,620,1),('AF_N','AFGHANISTAN','Nationality',NULL,10,1),('AGIO','Agios','SecCateg','MM',196,1),('AGRO_SE','AGROALIMENTAIRE','EconomicSector',NULL,10,1),('AG_N','ANTIGUA ET BARBUDE','Nationality',NULL,90,1),('AIQDM_ICC','Autre investisseur qualifié de droit marocain','issClientCateg',NULL,20,1),('AI_N','ANGUILLA','Nationality',NULL,80,1),('AL_N','ALBANIE','Nationality',NULL,30,1),('AMF','Ratios AMF','IndicatorCategory',NULL,20,1),('AMMC','Ratios AMMC','IndicatorCategory',NULL,10,1),('AM_N','ARMENIE','Nationality',NULL,130,1),('AN_N','ANTILLES NEERLANDAISES','Nationality',NULL,100,1),('AOI_cat','Agent des organismes internationaux','spCategory',NULL,10,1),('AOP_EDMDC','Avis d\'opéré','edmDocCategory','DOC_TICKET',14,1),('AO_N','ANGOLA','Nationality',NULL,70,1),('APFON_EDMC','Appel de fonds','edmDocCategory','DOC_CORPAC',12,1),('APHOT_EDMC','Autre document','edmDocCategory','DOC_ACTOR',10,1),('APIMO_CRAP','Autres placements immobiliers','classifRapport',NULL,15,1),('AQ_N','REGIONS POLAIRES','Nationality',NULL,1680,1),('AR_N','ARGENTINE','Nationality',NULL,120,1),('ASSUR_BDGC','Assurances','budgetCategory',NULL,11,1),('ASSUR_SE','ASSURANCES','EconomicSector',NULL,10,1),('ATOPC_CRAP','Actions et Parts des autres OPCVM','classifRapport',NULL,8,1),('ATTPR_EDMC','Attestation de propriété','edmDocCategory','DOC_CORPAC',14,1),('AT_N','AUTRICHE','Nationality',NULL,170,1),('AUTRE_cat','Autres','spCategory',NULL,10,1),('AUT_CONG','Règlementaires','conformityGroup',NULL,10,1),('AU_N','AUSTRALIE','Nationality',NULL,160,1),('AVCR_EDMC','Avis de création','edmDocCategory','DOC_CENTR',17,1),('AVG_CLTQ','Moyen','clientQuality','TEN_CLTC',11,1),('AVRD','Achat/Vente règlement différé','SecCateg','MM',198,1),('AV_N','ASCENSION','Nationality',NULL,150,1),('AW_N','ARUBA','Nationality',NULL,140,1),('AZ_N','AZERBAIDJAN','Nationality',NULL,180,1),('A_EXTR','A+','externRating',NULL,13,1),('A_INTR','A+','internRating',NULL,10,1),('BANQ_SE','BANQUES','EconomicSector',NULL,10,1),('BA_N','BOSNIE-HERZEGOVINE','Nationality',NULL,300,1),('BB_N','LA BARBADE','Nationality',NULL,1100,1),('BDC','Bon de caisse','SecCateg','MM',194,1),('BDT','Bon du trésor','SecCateg','FI',10,1),('BD_N','BANGLADESH','Nationality',NULL,210,1),('BE_N','BELGIQUE','Nationality',NULL,230,1),('BF_N','BURKINA FASO','Nationality',NULL,350,1),('BG_N','BULGARIE','Nationality',NULL,340,1),('BH_N','BAHREIN','Nationality',NULL,200,1),('BI_N','BURUNDI','Nationality',NULL,360,1),('BJ_N','BENIN','Nationality',NULL,250,1),('BL_N','BELARUS','Nationality',NULL,220,1),('BMC_SE','CONSTRUCTIONS','EconomicSector',NULL,10,1),('BM_N','BERMUDES','Nationality',NULL,260,1),('BN_N','BRUNEI','Nationality',NULL,330,1),('BOISS_SE','BOISSONS','EconomicSector',NULL,10,1),('BO_N','BOLIVIE','Nationality',NULL,290,1),('BR_N','BRESIL','Nationality',NULL,320,1),('BSF','BSF','SecCateg','FI',20,1),('BSOUS_EDMC','Bulletin de souscription','edmDocCategory','DOC_SUBISS',14,1),('BS_N','BAHAMAS','Nationality',NULL,190,1),('BT','Billets de Trésorerie','SecCateg','FI',80,1),('BT_N','BHOUTAN','Nationality',NULL,270,1),('BUR','Bureau','SecCateg','RE',2,1),('BVC','Bourse de casablanca','SecPlace',NULL,10,1),('BW_N','BOTSWANA','Nationality',NULL,310,1),('BY_N','BIELORUSSIE','Nationality',NULL,280,1),('BZ_N','BELIZE','Nationality',NULL,240,1),('B_EXTR','B+','externRating',NULL,14,1),('B_INTR','B+','internRating',NULL,11,1),('CASH','Cash','SecCateg','CS',191,1),('CAS_CITY','Casablanca','city','MA_N',1,1),('CA_AKPI','Capital social','actorKpi','KFIG_AKT',12,1),('CA_N','CANADA','Nationality',NULL,400,1),('CBREC','Soldes bancaires','reconcilType',NULL,10,1),('CCEN_EDMC','Contrat de centralisation','edmDocCategory','DOC_CENTR',12,1),('CCM','Dirham','Dirham','',20,0),('CC_N','DES COCOS ILES','Nationality',NULL,580,1),('CD','Certificat de Dépôt','SecCateg','FI',60,1),('CDOC_EDMC','Fiche client','edmDocCategory','DOC_CLIENT',11,1),('CD_N','CONGO REP DEMOCRATIQUE','Nationality',NULL,490,1),('CEI_cat','Commerçant et entrepreneur individuel','spCategory',NULL,10,1),('CEO','Directeur général','ContactFunction',NULL,10,1),('CF_CRAP','Créances financières ','classifRapport',NULL,17,1),('CF_N','REP CENTRAFICAINE','Nationality',NULL,1690,1),('CG_N','CONGO','Nationality',NULL,480,1),('CHAMV_BDGC','Charges de mise en valeur','budgetCategory',NULL,14,1),('CHENT_BDGC','Charges d\'entretien','budgetCategory',NULL,13,1),('CHGT','Change à terme','SecCateg','DP',196,1),('CHIM_SE','CHIMIE','EconomicSector',NULL,10,1),('CHNGT','Change à terme','SecCateg','MM',196,1),('CHRG','Autres charges','SecCateg','MM',197,1),('CH_N','SUISSE','Nationality',NULL,1930,1),('CI_N','COTE D\'IVOIRE','Nationality',NULL,540,1),('CK_N','COOK ILES','Nationality',NULL,500,1),('CLT_CONG','Client','conformityGroup',NULL,11,1),('CL_N','CHILI','Nationality',NULL,420,1),('CMREC','Mouvements bancaires','reconcilType',NULL,20,1),('CMRP_NOTSC','Reporting mensuel','notifSubCateg','CLTRS_NOTN',13,1),('CM_N','CAMEROUN','Nationality',NULL,390,1),('CN_N','CHINE','Nationality',NULL,430,1),('COMM_AS','Commercial','activitySector',NULL,11,1),('CONS_CRAP','Constructions','classifRapport',NULL,12,1),('CONS_PROPS','Construit','propertyState','UR',10,1),('CORPL_INVP','CORE +','investProfil',NULL,11,1),('COR_INVP','CORE','investProfil',NULL,10,1),('CO_N','COLOMBIE','Nationality',NULL,460,1),('CPHOT_EDMC','Autre document','edmDocCategory','DOC_CLIENT',10,1),('CR_N','COSTA RICA','Nationality',NULL,530,1),('CTNO_NOTSC','Avis d\'opéré','notifSubCateg','CLTRS_NOTN',11,1),('CTR','Contrat','SecCateg','OT',10,1),('CU_N','CUBA','Nationality',NULL,560,1),('CV_N','CAP-VERT','Nationality',NULL,410,1),('CWRP_NOTSC','Reporting hebdomadaire','notifSubCateg','CLTRS_NOTN',12,1),('CX_N','CHRISTMAS ILES','Nationality',NULL,440,1),('CY_N','CHYPRE','Nationality',NULL,450,1),('CZ_N','REP TCHEQUE','Nationality',NULL,1710,1),('DA','DROIT d\'Attribution','SecCateg','EQ',150,1),('DADM_EDMC','Demande d\'admission','edmDocCategory','DOC_CENTR',13,1),('DAT','DAT','SecCateg','MM',193,1),('DE_cat','Dirigeant d\'entreprise','spCategory',NULL,10,1),('DE_N','ALLEMAGNE','Nationality',NULL,50,1),('DIDEN_EDMC','Document d\'identification','edmDocCategory','DOC_SUBISS',17,1),('DIST_SE','DISTRIBUTEURS','EconomicSector',NULL,10,1),('DJ_N','DJIBOUTI','Nationality',NULL,590,1),('DK_N','DANEMARK','Nationality',NULL,570,1),('DM_N','DOMINIQUE','Nationality',NULL,600,1),('DOC_EDMC4','Document','edmDocCategory','DOC_VALUE',20,1),('DOC_TICKET','Ticket transaction','edmDocCategory','DOC_TICKET',10,1),('DO_N','REP DOMINICAINE','Nationality',NULL,1700,1),('DS','DROIT de Soucrption','SecCateg','EQ',140,1),('DY_AKPI','Rendement dividendes (en %)','actorKpi','KRAT_AKT',11,1),('DZ_N','ALGERIE','Nationality',NULL,40,1),('EC_N','EQUATEUR','Nationality',NULL,630,1),('EDUC_AS','Education','activitySector',NULL,13,1),('EEE_SE','EQUIPM ELECTRONIQUES','EconomicSector',NULL,10,1),('EE_N','ESTONIE','Nationality',NULL,660,1),('EG_N','EGYPTE','Nationality',NULL,610,1),('ELEC_SE','ELECTRICITE','EconomicSector',NULL,10,1),('EMBA_SE','EMBALLAGE','EconomicSector',NULL,10,1),('ENCO_PROPS','En cours','propertyState','UR',11,1),('ENS_cat','Enseignant','spCategory',NULL,10,1),('EPRO','Provisions charges','SecCateg','CS',191,1),('EPS_AKPI','Résultat par part','actorKpi','KRAT_AKT',11,1),('ER_N','ERYTHREE','Nationality',NULL,640,1),('ES_N','ESPAGNE','Nationality',NULL,650,1),('ETU_cat','Etudiant/ Elève','spCategory',NULL,10,1),('ET_N','ETHIOPIE','Nationality',NULL,680,1),('FACT_EDMDC','Facture','edmDocCategory','DOC_TICKET',11,1),('FCP','FCP','legalForm','UC',10,1),('FDG','FDG','SecCateg','MM',195,1),('FES_CITY','Fes','city','MA_N',1,1),('FIN_AS','Banques & finance','activitySector',NULL,10,1),('FIT','Fitch','ratingAgency',NULL,30,1),('FI_N','FINLANDE','Nationality',NULL,720,1),('FJ_N','FIDJI','Nationality',NULL,710,1),('FK_N','FALKLAND','Nationality',NULL,690,1),('FM_N','MICRONESIE','Nationality',NULL,1340,1),('FO_N','FEREO ILES','Nationality',NULL,700,1),('FPC','Fonds de Placement Communaux','SecCateg','FI',40,1),('FPCT','Titrisation','SecCateg','FI',140,1),('FPCT_CRAP','FPCT','classifRapport',NULL,9,1),('FPI','Fonds de placement immobilier','legalForm','UR',30,1),('FRA','Forward ','SecCateg','DP',197,1),('FRCQ_EDMC','Fichier RCQ','edmDocCategory','DOC_CORPAC',17,1),('FR_N','FRANCE','Nationality',NULL,730,1),('FSP_cat','Fonctionnaire / Salarié du secteur public','spCategory',NULL,10,1),('GA_N','GABON','Nationality',NULL,740,1),('GB_N','ROYAUME-UNI','Nationality',NULL,1730,1),('GD_N','GRENADE','Nationality',NULL,800,1),('GE_N','GEORGIE','Nationality',NULL,760,1),('GH_N','GHANA','Nationality',NULL,770,1),('GI_N','GIBRALTAR','Nationality',NULL,780,1),('GL_N','GROENLAND','Nationality',NULL,810,1),('GM_N','GAMBIE','Nationality',NULL,750,1),('GN_N','GUINEE','Nationality',NULL,840,1),('GOOD_CLTQ','Bien','clientQuality','TEN_CLTC',12,1),('GQ_N','GUINEE EQUATORIALE','Nationality',NULL,860,1),('GR_N','GRECE','Nationality',NULL,790,1),('GT_N','GUATEMALA','Nationality',NULL,830,1),('GU_N','GUAM','Nationality',NULL,820,1),('GW_N','GUINEE-BISSAU','Nationality',NULL,850,1),('GY_N','GUYANA','Nationality',NULL,870,1),('HEALTH_AS','Santé','activitySector',NULL,12,1),('HK_N','HONG-KONG','Nationality',NULL,910,1),('HM_N','HEARD ET MC DONALD ILES','Nationality',NULL,890,1),('HN_N','HONDURAS','Nationality',NULL,900,1),('HOLD_SE','HOLDINGS','EconomicSector',NULL,10,1),('HOT','Hôtel','SecCateg','RE',6,1),('HR_N','CROATIE','Nationality',NULL,550,1),('HT_N','HAITI','Nationality',NULL,880,1),('HU_N','HONGRIE','Nationality',NULL,920,1),('IDTEST2','NAME','LISTCust','',40,1),('ID_N','INDONESIE','Nationality',NULL,950,1),('IE_N','IRLANDE','Nationality',NULL,980,1),('IL_N','ISRAEL','Nationality',NULL,1000,1),('IMM','Immeuble résidentiel','SecCateg','RE',1,1),('IMMO_SE','IMMOBILIER','EconomicSector',NULL,10,1),('INFO_SE','INFORMATIQUES','EconomicSector',NULL,10,1),('INT_CONG','Internes','conformityGroup',NULL,12,1),('IN_N','INDE','Nationality',NULL,930,1),('IPRO','Provisions produits','SecCateg','CS',191,1),('IQ_N','IRAQ','Nationality',NULL,970,1),('IR_N','IRAN','Nationality',NULL,960,1),('IS_N','ISLANDE','Nationality',NULL,990,1),('IT_N','ITALIE','Nationality',NULL,1010,1),('JM_N','JAMAIQUE','Nationality',NULL,1020,1),('JO_N','JORDANIE','Nationality',NULL,1040,1),('JP_N','JAPON','Nationality',NULL,1030,1),('KE_N','KENYA','Nationality',NULL,1060,1),('KG_N','KIRGHIZISTAN','Nationality',NULL,1070,1),('KH_N','CAMBODGE','Nationality',NULL,380,1),('KI_N','KIRIBAT','Nationality',NULL,1080,1),('KM_N','COMORES','Nationality',NULL,470,1),('KP_N','COREE DU NORD','Nationality',NULL,520,1),('KR_N','COREE','Nationality',NULL,510,1),('KW_N','KOWEIT','Nationality',NULL,1090,1),('KY_N','CAIMANES ILES','Nationality',NULL,370,1),('KZ_N','KAZAKHSTAN','Nationality',NULL,1050,1),('LADM_EDMC','Lettre d\'admission','edmDocCategory','DOC_CENTR',16,1),('LA_N','LAOS','Nationality',NULL,1110,1),('LB_N','LIBAN','Nationality',NULL,1140,1),('LCOM','Local commercial','SecCateg','RE',3,1),('LC_N','SAINTE LUCIE','Nationality',NULL,1770,1),('LI_N','LIECHTENSTEIN','Nationality',NULL,1170,1),('LK_N','SRI LANKA','Nationality',NULL,1910,1),('LOCA_PROPS','Locatif','propertyState','UR',14,1),('LOIS_SE','LOISIRS & HOTELS','EconomicSector',NULL,10,1),('LR_N','LIBERIA','Nationality',NULL,1150,1),('LS_N','LESOTHO','Nationality',NULL,1120,1),('LTS_REAT','Locaux techniques et sociaux','areaType',NULL,15,1),('LT_N','LITUANIE','Nationality',NULL,1180,1),('LU_N','LUXEMBOURG','Nationality',NULL,1190,1),('LV_N','LETTONIE','Nationality',NULL,1130,1),('LY_N','LIBYE','Nationality',NULL,1160,1),('M','MarocLear','SecCustody',NULL,10,1),('MAR_CITY','Marrakech','city','MA_N',1,1),('MA_N','MAROC','Nationality',NULL,1290,1),('MDY','Moody\'s','ratingAgency',NULL,10,1),('MD_N','MOLDAVIE','Nationality',NULL,1350,1),('MG_N','MADAGASCAR','Nationality',NULL,1220,1),('MH_N','MARSHALL ILES','Nationality',NULL,1300,1),('MINE_SE','MINES','EconomicSector',NULL,10,1),('MK_N','MACEDOINE','Nationality',NULL,1210,1),('ML_N','MALI','Nationality',NULL,1260,1),('MM_N','MYANMAR','Nationality',NULL,1380,1),('MN_N','MONGOLIE','Nationality',NULL,1360,1),('MO_N','MACAO','Nationality',NULL,1200,1),('MP_N','MARIANNES DU NORD ILES','Nationality',NULL,1280,1),('MR_N','MAURITANIE','Nationality',NULL,1320,1),('MT_N','MALTE','Nationality',NULL,1270,1),('MU_N','MAURICE','Nationality',NULL,1310,1),('MV_N','MALDIVES','Nationality',NULL,1250,1),('MW_N','MALAWI','Nationality',NULL,1240,1),('MX_N','MEXIQUE','Nationality',NULL,1330,1),('MY_N','MALAISIE','Nationality',NULL,1230,1),('MZ_N','MOZAMBIQUE','Nationality',NULL,1370,1),('NA_N','NAMIBIE','Nationality',NULL,1390,1),('NC_N','NOUVELLE CALEDONIE','Nationality',NULL,1490,1),('NE_N','NIGER','Nationality',NULL,1430,1),('NF_N','NORFOLK ILES','Nationality',NULL,1460,1),('NG_N','NIGERIA','Nationality',NULL,1440,1),('NI_N','NICARAGUA','Nationality',NULL,1420,1),('NL_N','PAYS-BAS','Nationality',NULL,1600,1),('NOTAM_EDMC','Note AMMC','edmDocCategory','DOC_CENTR',15,1),('NO_N','NORVEGE','Nationality',NULL,1470,1),('NP_AKPI','Résultat net','actorKpi','KFIG_AKT',11,1),('NP_N','NEPAL','Nationality',NULL,1410,1),('NRFA','Règles de fonctionnement normales','SecCateg','UR',11,1),('NR_cat','Non renseigné','spCategory',NULL,10,1),('NR_N','NAURU','Nationality',NULL,1400,1),('NU_N','NIOUE','Nationality',NULL,1450,1),('NZ_N','NOUVELLE-ZELANDE','Nationality',NULL,1480,1),('OA_N','OCEANIE AUSTRALE','Nationality',NULL,1500,1),('OBL','Obligation','SecCateg','FI',70,1),('OBLC_CRAP','Obligation Cotées','classifRapport',NULL,1,1),('OBLNC_CRAP','Obligation Non Cotées','classifRapport',NULL,2,1),('OM_N','OMAN','Nationality',NULL,1520,1),('ON_N','OCEANIE NEO-ZEL','Nationality',NULL,1510,1),('OPCA','OPCVM Actions','SecCateg','UC',91,1),('OPCC','OPCVM Contractuels','SecCateg','UC',95,1),('OPCD','OPCVM Diversifiés','SecCateg','UC',92,1),('OPCDP_CRAP','Actions et Parts OPCVM investis exclusivement','classifRapport',NULL,7,1),('OPCM','OPCVM Monétaires','SecCateg','UC',90,1),('OPCM_BAMC','OPCVM Monétaire','actorCategory',NULL,50,1),('OPCM_CRAP','OPCVM Monétaires','classifRapport',NULL,10,1),('OPCNR','OPCVM non résidents','SecCateg','UC',96,1),('OPCOCT','OPCVM Obligations Court Terme','SecCateg','UC',93,1),('OPCOMLT','OPCVM Obligations Moyen et Long Terme','SecCateg','UC',94,1),('OPCR','OPCR','SecCateg','EQ',130,1),('OPDM_ICC','OPCVM de droit marocain','issClientCateg',NULL,40,1),('OPP_INVP','OPPORTUNISTE','investProfil',NULL,13,1),('ORA','Obligation convertible en action','SecCateg','FI',180,1),('P','Primaire','SecMarket',NULL,10,1),('PA_N','PANAMA','Nationality',NULL,1570,1),('PDOC_EDMC','Note d\'information','edmDocCategory','DOC_PORTF',11,1),('PEA_CRAP','Prêts et effets assimilés','classifRapport',NULL,16,1),('PER_cat','Planteur/Exploitant rural','spCategory',NULL,10,1),('PETG_SE','PETROLE & GAZ','EconomicSector',NULL,10,1),('PE_N','PEROU','Nationality',NULL,1610,1),('PF_N','POLYNESIE FRANCAISE','Nationality',NULL,1650,1),('PG_N','PAPOUASIE NVLLE GUINEE','Nationality',NULL,1580,1),('PHAR_SE','PHARMACEUTIQUE','EconomicSector',NULL,10,1),('PHOT_EDMC4','Photos','edmDocCategory','DOC_VALUE',10,1),('PH_N','PHILIPPINES','Nationality',NULL,1620,1),('PIMME_CRAP','Placements immobiliers en cours','classifRapport',NULL,13,1),('PK_N','PAKISTAN','Nationality',NULL,1550,1),('PL_cat','Profession Libérale','spCategory',NULL,10,1),('PL_N','POLOGNE','Nationality',NULL,1640,1),('PMDM_ICC','Personne morale de droit marocain','issClientCateg',NULL,60,1),('PMNR_BAMC','Personnes morales non résidentes','actorCategory',NULL,70,1),('PN_N','PITCAIRN','Nationality',NULL,1630,1),('PON_REAT','Pondérée','areaType',NULL,17,1),('PPHOT_EDMC','Autre document','edmDocCategory','DOC_PORTF',10,1),('PP_ICC','Personne physique','issClientCateg',NULL,70,1),('PRDOC_EDMC','Document','edmDocCategory','DOC_PRIVEQ',1,1),('PRDT','Autres produits','SecCateg','MM',198,1),('PREMP','Prêt/Emprunt titres','SecCateg','MM',192,1),('PRIM_CLTQ','Prime','clientQuality','TEN_CLTC',13,1),('PS_cat','Professionnel de la santé','spCategory',NULL,10,1),('PT_N','PORTUGAL','Nationality',NULL,1660,1),('PUBL_EDMC','Publications légales','edmDocCategory','DOC_MEET',14,1),('PVAS_EDMC','PV assemblée','edmDocCategory','DOC_CENTR',11,1),('PVRE_EDMC','PV','edmDocCategory','DOC_MEET',17,1),('PW_N','PALAU','Nationality',NULL,1560,1),('PY_N','PARAGUAY','Nationality',NULL,1590,1),('QA_N','QATAR','Nationality',NULL,1670,1),('QUIT_EDMDC','Quittance','edmDocCategory','DOC_TICKET',12,1),('RAB_CITY','Rabat','city','MA_N',1,1),('RARR_NOTSC','Relance impayés','notifSubCateg','RENTM_NOTN',15,1),('RBIL_NOTSC','Facture','notifSubCateg','RENTM_NOTN',12,1),('RCAL_NOTSC','Appel de loyer','notifSubCateg','RENTM_NOTN',11,1),('RCONF','Règlementaire','conformityType',NULL,1,1),('RDC_REAT','Rez de chaussée','areaType',NULL,13,1),('RECU_EDMDC','Reçu de payement','edmDocCategory','DOC_TICKET',13,1),('RENO_PROPS','En rénovation','propertyState','UR',13,1),('REPO','REPO','SecCateg','MM',192,1),('REP_AMMC','AMMC','custReportGroup',NULL,10,1),('REP_BAM','Statistiques BAM','custReportGroup',NULL,40,1),('REP_COMPTA','Comptabilité','custReportGroup',NULL,50,1),('REP_RAPP','Rapprochements','custReportGroup',NULL,30,1),('REP_VL','Valeurs liquidatives','custReportGroup',NULL,20,1),('RET_cat','Retraité','spCategory',NULL,10,1),('REV_AKPI','Chiffre d\'affaires','actorKpi','KFIG_AKT',10,1),('REXP_NOTSC','Echéance contrat','notifSubCateg','RENTM_NOTN',17,1),('RFA','Règles de fonctionnement allégées','SecCateg','UR',10,1),('ROI_AKPI','Retour sur investissement (en %)','actorKpi','KRAT_AKT',10,1),('RO_N','ROUMANIE','Nationality',NULL,1720,1),('RQUI_NOTSC','Quittance','notifSubCateg','RENTM_NOTN',13,1),('RREC_NOTSC','Reçu de payement','notifSubCateg','RENTM_NOTN',14,1),('RREV_NOTSC','Révision loyer','notifSubCateg','RENTM_NOTN',16,1),('RTDOC_EDMC','Contrat de bail','edmDocCategory','DOC_RE_LC',10,1),('RTIMG_EDMC','Autre document','edmDocCategory','DOC_RE_LC',20,1),('RU_N','RUSSIE','Nationality',NULL,1740,1),('RW_N','RWANDA','Nationality',NULL,1750,1),('S','Secondaire','SecMarket',NULL,20,1),('S&P','Standars and Poors','ratingAgency',NULL,20,1),('SA_N','ARABIE SAOUDITE','Nationality',NULL,110,1),('SB_N','SALOMON ILES','Nationality',NULL,1780,1),('SC_N','SEYCHELLES ET DEPENDANCES','Nationality',NULL,1840,1),('SD_N','SOUDAN','Nationality',NULL,1900,1),('SERCO_SE','SERV AUX COLLECTIVITES','EconomicSector',NULL,10,1),('SERTR_SE','SERV DE TRANSPORT','EconomicSector',NULL,10,1),('SE_N','SUEDE','Nationality',NULL,1920,1),('SFAUT_BAMC','Autres sociétés financières','actorCategory',NULL,60,1),('SFBNQ_BAMC','Banques','actorCategory',NULL,40,1),('SFIN_SE','STES DE FINANCEMENT','EconomicSector',NULL,10,1),('SG_N','SINGAPOUR','Nationality',NULL,1860,1),('SHREC','Soldes titres','reconcilType',NULL,30,1),('SH_N','SAINTE HELENE','Nationality',NULL,1760,1),('SIC','SICAV','legalForm','UC',20,1),('SIMM','Société immobilière','SecCateg','RE',5,1),('SIMMO_CRAP','Parts et actions de sociétés immobilieres','classifRapport',NULL,14,1),('SI_N','SLOVENIE','Nationality',NULL,1880,1),('SK_N','SLOVAQUIE','Nationality',NULL,1870,1),('SL_N','SIERRA LEONE','Nationality',NULL,1850,1),('SNFPB_BAMC','Sociétés non financières publiques','actorCategory',NULL,20,1),('SNFPV_BAMC','Sociétés non financières privées','actorCategory',NULL,30,1),('SN_N','SENEGAL','Nationality',NULL,1820,1),('SOPHIS','SOPHIS','impDataSource',NULL,10,1),('SO_N','SOMALIE','Nationality',NULL,1890,1),('SPI','Société de Placement immobilier','legalForm','UR',40,1),('SR_N','SURINAM','Nationality',NULL,1940,1),('SSP_cat','Salarié du Secteur privé','spCategory',NULL,10,1),('SSP_REAT','Sous pente','areaType',NULL,11,1),('SSS_REAT','Sous-sol','areaType',NULL,12,1),('ST_N','SAO TOME','Nationality',NULL,1810,1),('SV_N','SALVADOR','Nationality',NULL,1790,1),('SWFT_CHMVT','Swift','edmDocCategory','DOC_CHMVT',20,0),('SWPP','Swap de perf','SecCateg','DP',195,1),('SWPT','Swap de taux','SecCateg','DP',194,1),('SYLP_SE','SYLVICULTURE & PAPIER','EconomicSector',NULL,10,1),('SY_N','SYRIE','Nationality',NULL,1960,1),('SZ_N','SWAZILAND','Nationality',NULL,1950,1),('TAMO_EDMC','Tableau d\'amortissement','edmDocCategory','DOC_CENTR',18,1),('TAXES_BDGC','Taxes','budgetCategory',NULL,10,1),('TCN_CRAP','Titres de Créances Négociables','classifRapport',NULL,3,1),('TC_CRAP','Titres (ACT) Cotés','classifRapport',NULL,5,1),('TC_N','TURKS ET CAIKOS ILES','Nationality',NULL,2090,1),('TD_N','TCHAD','Nationality',NULL,2000,1),('TELEC_SE','TELECOMMUNICATIONS','EconomicSector',NULL,10,1),('TERR_CRAP','Terrains','classifRapport',NULL,11,1),('TER_REAT','Terrain','areaType',NULL,10,1),('TF_N','TERRES AUSTRALES FRANCAISES','Nationality',NULL,2010,1),('TG_N','TOGO','Nationality',NULL,2030,1),('TH_N','THAILANDE','Nationality',NULL,2020,1),('TICK_CHMVT','Ticket','edmDocCategory','DOC_CHMVT',10,1),('TJ_N','TADJIKISTAN','Nationality',NULL,1970,1),('TK_N','TOKELAU','Nationality',NULL,2040,1),('TM_N','TURKMENISTAN','Nationality',NULL,2080,1),('TNC_CRAP','Titres (ACT & PE) Non Cotés','classifRapport',NULL,6,1),('TNG_CITY','Tanger','city','MA_N',1,1),('TN_N','TUNISIE','Nationality',NULL,2070,1),('TOT_REAT','Totale','areaType',NULL,16,1),('TO_N','TONGA ILE','Nationality',NULL,2050,1),('TP_CRAP','Titre de Participation','classifRapport',NULL,4,1),('TRAB','Terrain à batir','SecCateg','RE',4,1),('TRNSP_SE','TRANSPORT','EconomicSector',NULL,10,1),('TR_N','TURQUIE','Nationality',NULL,2100,1),('TSS_REAT','Terrasse','areaType',NULL,14,1),('TT_N','TRINIDAD ET TOBAGO','Nationality',NULL,2060,1),('TV_N','TUVALU','Nationality',NULL,2110,1),('TW_N','TAIWAN','Nationality',NULL,1980,1),('TZ_N','TANZANIE','Nationality',NULL,1990,1),('UA_N','UKRAINE','Nationality',NULL,2120,1),('UG_N','OUGANDA','Nationality',NULL,1530,1),('US_N','ETATS-UNIS','Nationality',NULL,670,1),('UY_N','URUGUAY','Nationality',NULL,2130,1),('UZ_N','OUZBEKISTAN','Nationality',NULL,1540,1),('VALAD_INVP','VALUE ADDED','investProfil',NULL,12,1),('VEFA_PROPS','VEFA','propertyState','UR',12,1),('VE_N','VENEZUELA','Nationality',NULL,2150,1),('VFICH_EDMC','Fiche signalétique','edmDocCategory','DOC_VALUE',11,1),('VG_N','VIERGES BRITANNIQUES','Nationality',NULL,2160,1),('VI_N','VIERGES DES ETAS-UNIS','Nationality',NULL,2170,1),('VN_N','VIETNAM','Nationality',NULL,2180,1),('VU_N','VANUATU','Nationality',NULL,2140,1),('WEAK_CLTQ','Faible','clientQuality','TEN_CLTC',10,1),('WF_N','WALLIS ET FUTUMA','Nationality',NULL,2190,1),('WMAN_NOTSC','Gestion','notifSubCateg','SYSWR_NOTN',11,1),('WRIS_NOTSC','Risque','notifSubCateg','SYSWR_NOTN',12,1),('WS_N','SAMOA OCCIDENTALES','Nationality',NULL,1800,1),('XX_N','INDETERMINE','Nationality',NULL,940,1),('YE_N','YEMEN','Nationality',NULL,2200,1),('YU_N','SERBIE MONTENEGRO','Nationality',NULL,1830,1),('ZA_N','AFRIQUE DU SUD','Nationality',NULL,20,1),('ZM_N','ZAMBIE','Nationality',NULL,2220,1),('ZR_N','ZAIRE','Nationality',NULL,2210,1);
/*!40000 ALTER TABLE `clistcust` ENABLE KEYS */;
UNLOCK TABLES;

--
-- Table structure for table `clistsys`
--

DROP TABLE IF EXISTS `clistsys`;
/*!40101 SET @saved_cs_client     = @@character_set_client */;
/*!50503 SET character_set_client = utf8mb4 */;
CREATE TABLE `clistsys` (
  `id` varchar(10) NOT NULL,
  `Name` varchar(50) NOT NULL,
  `list_name` varchar(15) NOT NULL,
  `visible` tinyint(1) NOT NULL DEFAULT '1',
  `sorting` int DEFAULT NULL,
  PRIMARY KEY (`id`)
) ENGINE=InnoDB DEFAULT CHARSET=utf8mb3;
/*!40101 SET character_set_client = @saved_cs_client */;

--
-- Dumping data for table `clistsys`
--

LOCK TABLES `clistsys` WRITE;
/*!40000 ALTER TABLE `clistsys` DISABLE KEYS */;
INSERT INTO `clistsys` VALUES ('1M_MIND','1 mois','marketIndicator',1,20),('1Y_RREVP','Chaque année','rentRevisPeriod',1,6),('2Y_MIND','2 années','marketIndicator',1,70),('2Y_PRS','2 année glissante','perfRatioScope',1,50),('3M_MIND','3 mois','marketIndicator',1,40),('3Y_MIND','3 années','marketIndicator',1,80),('3Y_PRS','3 année glissante','perfRatioScope',1,60),('3Y_RREVP','Chaque 3 années','rentRevisPeriod',1,10),('4Y_PRS','4 année glissante','perfRatioScope',1,70),('5Y_MIND','5 années','marketIndicator',1,90),('5Y_PRS','5 année glissante','perfRatioScope',1,80),('5Y_RREVP','Chaque 5 années','rentRevisPeriod',1,20),('6M_MIND','6 mois','marketIndicator',1,50),('6M_PRS','6 mois glissants','perfRatioScope',1,30),('6M_RREVP','Chaque 6 mois','rentRevisPeriod',1,5),('AART','Actuariel','curveRateType',1,20),('ACCO_CAS','Comptabilisation','corpActStatus',1,10),('ACCR_CLNAT','Variation coupon couru','closingNature',1,30),('ACCST','Comptable','statementType',1,20),('ACC_PNLSC','Pnl par compte titres','pnlScope',0,12),('ACTOR_BK','Banques','predefinedLists',1,34),('ACTOR_BR','Intermédiaires','predefinedLists',1,33),('ACTOR_CP','Contreparties','predefinedLists',1,31),('ACTOR_CU','Dépositaires','predefinedLists',1,32),('ACTOR_IMC','Acteur','impMappColumn',1,40),('ACTOR_IS','Emetteurs','predefinedLists',1,32),('ACTOR_NRT','Acteur','notifRecipType',1,16),('ACT_PDT','Actuariel','premDiscType',1,11),('ADJUST_BMC','Ajustement valorisation','benchMvtCode',1,60),('ADM_RST','Nominatif administré','registShareType',1,20),('AI','Inséré','RefStatus',1,10),('AJ_rat','Jensen\'s Alpha','perfRatios',1,10),('AL_rat','Alpha','perfRatios',1,110),('AM_CAFS','Amortissement','corpActFlowSrc',1,11),('AM_TRRT','Amortissable','trRedempType',1,11),('AN_BILLP','Annuelle','billingPeriod',1,40),('AN_CFP','Annuel','cashFlowPeriod',1,40),('API_PSS','API','pricingSource',1,11),('APR','Portefeuille analytique','portfRole',1,15),('APTF_PTFC','Portefeuille analytique','portfCategory',1,30),('ARI_ATEFM','Arithmétique','attrEffectMeth',1,20),('ARI_RPERM','Arithmétique','relativPerfMeth',1,20),('AR_RDM','Arithmétique','ratiosFormula',1,30),('AU','Commissaire au comptes','actorRole',1,60),('AUT_CAT','Automatique','corpActType',1,10),('AUT_MFC','Frais autorité de contrôle','mngFeesCateg',1,12),('AVA','Première valeur dispo après','perfMethod',1,20),('AVB','Dernière valeur dispo avant','perfMethod',1,10),('AVC','Average cost','inventoryMethod',1,30),('AVG','Moyenne avec Bornes Ini et Fin','SecNdxFormula',1,50),('AVG3M_PRP','Cours moyen 3M glissants','provisionPrice',1,10),('AVG_AGGT','Moyenne','aggregatType',1,20),('AVG_BNCWM','Poids moyen','benchWeightMeth',1,30),('AVG_RDM','Moyenne','ratiosDailyMeth',1,20),('AY_DAP','Annuel','debtAmortPeriod',1,13),('AY_SWFR','Annuelle','swapFrequency',1,50),('A_SRNAT','Actif','subRedNature',1,10),('A_TRAS','comptabilisé total','trAcctingStat',1,13),('A_TRCFP','Annuel','trCsflowPeriod',1,13),('A_TRSRT','Par montant','trSubRedType',1,11),('BASPN_BNCM','Points de base','benchMarginType',1,10),('BK','Banque','actorRole',1,20),('BOI','comité','orderInitiator',1,30),('Bond','Taux','transactScreen',1,15),('BOR_CS','Emprunt','contractSide',1,62),('BPR','Portefeuille intermédiaire','portfRole',1,10),('BR','Intermédiaire','actorRole',1,50),('BROA_CAS','Diffusion de l\'annonce','corpActStatus',1,10),('BR_FC','Frait intermédiaire','feesCateg',1,13),('BUY','Ordre Achat','orderNature',1,10),('B_DT','Valeur logique : vrai ou faux','DataType',1,40),('B_rat','Beta','perfRatios',1,40),('CA','Annulé','RefStatus',1,40),('CAAdvance','Avance en ompte courant','transactScreen',1,130),('CAL','calculée','navStatus',1,1),('CAL_PRS','Calculée','provisionStatus',1,10),('CAL_rat','Calmar Ratio','perfRatios',1,120),('CANC_PRS','Annulé','projectStatus',1,12),('CANC_TKS','Annulé','taskStatus',1,12),('CAN_IMPS','Annulé','importStatus',1,40),('CAN_WFTE','Annuler','wflowTransEvent',1,14),('CAPI_BNCM','Capitalisation','benchCalcMeth',1,20),('CAPR_RMT','Augmentation de capital','registerMvtType',1,50),('CAP_PEIT','Capital','peInvestmenType',1,10),('CAP_PRFPOL','Capitalisation','profitPolicy',1,10),('CASH','Compte cash','cashAccntCateg',1,10),('CASHCAT_CT','Virement de compte à compte','cashMvtCateg',1,60),('CASHCAT_PP','Payement de provision','cashMvtCateg',1,30),('CASHCAT_PR','Provision','cashMvtCateg',1,20),('CASHCAT_RE','Règlement immobilier','cashMvtCateg',0,50),('CASHCAT_SP','Règlement simple','cashMvtCateg',1,40),('CASHCAT_TS','Règlement de transaction','cashMvtCateg',1,10),('CASH_GUART','Dépôt espèces','guaranteeType',1,10),('CAT_MP','model by category','modelType',1,40),('CAUT_GUART','Caution bancaire','guaranteeType',1,11),('CA_CAS','Annulée','corpActStatus',1,30),('CA_CMS','Annulé','cashMvtStatus',1,30),('CA_OS','Annulé','orderStatus',1,20),('CA_TS','Annulée','transStatus',1,11),('CB','Emprunts espèces','NoSecClass',1,28),('CCLAS_LT','Commercial classique (3/6/9)','leaseType',1,10),('CCUST_NRT','Dépositaire contrepartie','notifRecipType',1,15),('CDB_5M','365 / 360','SecCpDaybasis',1,20),('CDB_6M','366 / 360','SecCpDaybasis',1,20),('CDB_RM','Réel / 360','SecCpDaybasis',1,10),('CDB_RR','Réel / Réel','SecCpDaybasis',1,30),('CEN_CAT','Centralisée','corpActType',1,30),('CERT_CAS','Attestations dépositaires','corpActStatus',1,10),('CFF_CAS','Appel de fonds','corpActStatus',1,10),('CL','Prêts espèces','NoSecClass',1,27),('CLA_MP','model by class','modelType',1,30),('CLIENT_INV','Investisseurs','predefinedLists',1,46),('CLIENT_TEN','Locataires','predefinedLists',1,45),('CLI_NRT','Client','notifRecipType',1,10),('CLO','Clôturée','navStatus',1,20),('CLOS_PRS','Clôturé','projectStatus',1,13),('CLOS_TKS','Clôturé','taskStatus',1,13),('CLTINF_PSC','Info client','paramSysCateg',1,10),('CLTRS_NOTN','Relation client','notifCategory',1,11),('CL_ACCNAT','Revalorisation','accEntryNature',1,50),('CL_CC','Ligne de crédit','contractClass',1,61),('CL_LIBS','Arrêté','librarySource',1,20),('CM','Société','actorRole',1,70),('CMCOM_FSC','Commission sur règlement','scaleCateg',1,12),('CMVT_WFC','Mouvements espèces','workflowCateg',1,11),('CM_ACCNAT','Mouvement espèces','accEntryNature',1,40),('CM_LIBS','Mvt espèces','librarySource',1,20),('COI','client','orderInitiator',1,20),('COMP_BENC','Composite simple','benchCategory',1,20),('CONSL_PANT','Consolidation simple','ptfAnalyticType',1,10),('CONST_BNCM','Constante','benchMarginType',1,30),('CONS_BENC','Constante','benchCategory',1,50),('CONS_ICT','Constante','inputCtrlType',1,10),('CONV_RMT','Conversion','registerMvtType',1,10),('CORAC_WARN','Tombée OST','warningNature',1,10),('CORBS_ANMT','Entrée/sortie OST','analyticMvtType',1,52),('CORPA_WFC','OST','workflowCateg',1,12),('CorpoAct','OST','transactScreen',1,50),('CORPR_ANMT','Produit OST','analyticMvtType',1,51),('COR_rat','Correlation Coefficient','perfRatios',1,70),('COUP_BMC','Coupon','benchMvtCode',1,40),('CP','Contrepartie','actorRole',1,30),('CPR','Portefeuille dépositaire','portfRole',1,11),('CPREC_LT','Commercial précaire','leaseType',1,11),('CP_CAFS','Coupon','corpActFlowSrc',1,10),('CreditLine','Ligne de crédit','transactScreen',1,64),('CRE_WFTE','Créer','wflowTransEvent',1,10),('CRM','Chargè d\'affaire','ContactNature',1,10),('CS','Cash','NoSecClass',1,26),('CSDH_CAS','Positions Maroclear','corpActStatus',1,10),('CSM_WFTE','Créer simulation','wflowTransEvent',1,17),('CTRP_NRT','Contrepartie','notifRecipType',1,14),('CU','dépositaire','actorRole',1,40),('CURRENCY','Devises','predefinedLists',1,10),('CURR_IMC','Devise','impMappColumn',1,50),('CUR_RST','Compte courant','registAccounTyp',1,10),('CUST_IMP','Importation spécifique','importType',1,20),('CUST_NRT','Dépositaire','notifRecipType',1,13),('CUS_MFC','Frais dépositaire','mngFeesCateg',1,11),('CUS_PNLSC','Pnl par dépositaire','pnlScope',0,11),('CUS_RSL','Client liste','SourceList',1,30),('CU_FC','Frais dépositaire','feesCateg',1,12),('CY','Devise','NoSecClass',1,24),('C_AUDIT','Ajouter','auditActType',1,10),('C_TRCT','Espèces','trCollaterType',1,12),('DBP_CARD','Position veille','corpActRecDate',1,10),('DCF_REEM','DCF','reEvaluatMethod',1,10),('DDMT','Maturités en jours','curveMaturType',1,10),('DDP_CARD','Position jour','corpActRecDate',1,20),('DEBT_FINT','Dette bancaire','financingType',1,10),('DEB_PEIT','Dette','peInvestmenType',1,11),('DED_CUST','Fonds dédié','customerType',1,10),('DEL_WFTE','Supprimer','wflowTransEvent',1,12),('DEMST','A la demande','statementType',1,40),('DEPR_CLNAT','Variation amortissement immobilier','closingNature',1,60),('DET_rat','Determination Coefficient','perfRatios',1,80),('DIETZ_PERM','Dietz Modifié','perfMethod',1,10),('DIR_RST','Nominatif pur','registShareType',1,10),('DIS_PRFPOL','Distribution','profitPolicy',1,20),('DIVID_BMC','Dividende','benchMvtCode',1,50),('DIV_BNCL','Diversifié','benchClass',1,30),('DMODP_BENC','Portefeuille modèle dynamique','benchCategory',1,60),('DMU','Maturité en nombre de jours','curveMaturUnit',1,10),('DNBR','En nombre de jours','periodType',1,10),('DOC_ACTOR','Documents acteurs','docType',1,10),('DOC_CENTR','Documents centralisation','docType',1,60),('DOC_CHMVT','Mouvements espèces','docType',1,60),('DOC_CLIENT','Documents clients','docType',1,30),('DOC_CORPAC','Documents OST','docType',1,90),('DOC_MEET','Documents de réunions','docType',1,89),('DOC_PORTF','Document portefeuilles','docType',1,20),('DOC_PRIVEQ','Documents private Equity','docType',1,100),('DOC_RE_LC','Documents contrats de bail','docType',1,40),('DOC_SUBISS','Documents souscriptions émissions','docType',1,81),('DOC_TENANT','Locataires','docType',1,10),('DOC_TICKET','Tickets et confirmations','docType',1,50),('DOC_TRANS','Documents transactions','docType',1,10),('DOC_VALUE','Documents valeurs','docType',1,10),('DO_ACCNAT','OD','accEntryNature',1,60),('DSR_rat','Down side risk','perfRatios',1,150),('DY','Quotidienne','NavFrequency',1,10),('DYMT','Maturités en jours et années','curveMaturType',1,20),('D_AUDIT','Suprrimer','auditActType',1,30),('D_DT','Date','DataType',1,30),('EAFC_CDM','Base jouissance,coupon complet','couponDatesMeth',1,10),('EAIC_CDM','Base jouissance,coup incomplet','couponDatesMeth',1,20),('ECO_MP','model by sector','modelType',1,50),('ENTITY','Entités','predefinedLists',1,11),('EPR','OPCI','portfRole',0,16),('EPRO','Compte de provions charges','cashAccntCateg',1,12),('EQ','Actions','SecClass',1,10),('EQForward','Forward action','transactScreen',1,62),('EQUA_BNCM','Equipondération','benchCalcMeth',1,10),('Equity','Actions','transactScreen',1,10),('EQ_BNCL','Actions','benchClass',1,10),('ET','ETF','SecClass',1,16),('EXCH_CLNAT','Variation du cours de change','closingNature',1,10),('EX_STS','Transaction générée','simulTranStat',1,12),('F','Taux Fixe','SecRateType',1,10),('FA','Annuités constantes','SecCFFormula',1,10),('FC','Coupons constants','SecCFFormula',1,20),('FC_ACCNAT','Clôture','accEntryNature',1,70),('FEM','Féminin','Gender',1,20),('FF','Change à terme','NoSecClass',1,25),('FG_rat','Profit Frequency','perfRatios',1,90),('FI','Taux','SecClass',1,11),('FIEL_ICT','Champ','inputCtrlType',1,30),('FIF','FIFO','inventoryMethod',1,10),('FIFO','First In First out','inventoryMethod',1,40),('FIForward','Forward taux','transactScreen',1,63),('FIN_BNCWM','Poids final','benchWeightMeth',1,20),('FIPRIC_PSC','Valorisation taux','paramSysCateg',1,20),('FIX_SCT','Forfait','scaleCalculType',1,12),('FIX_SWRT','Taux fixe','swapRateType',1,50),('FI_BNCL','Taux','benchClass',1,20),('FLAT_PERM','performance flatte','perfMethod',1,20),('FLOT_BNCM','Capitalisation flottante','benchCalcMeth',1,30),('FLO_SWRT','Taux flottant','swapRateType',1,60),('FM','Société de gestion','actorRole',1,80),('FORM_ICT','Formule','inputCtrlType',1,20),('FOR_IND','Fomule','indicatorCateg',1,20),('FRWST','Front','wifScenarioType',1,10),('FR_PIAM','A la française','issueAllocMode',1,10),('FS','Change spot','NoSecClass',1,25),('FTRA_CAS','Virements de fonds','corpActStatus',1,10),('FU','Futures','NoSecClass',1,15),('FUND_FINT','Fonds propres','financingType',1,11),('FU_CC','Future','contractClass',1,62),('FWRC','Courbe forward','curveType',1,30),('FxForward','Change à terme','transactScreen',1,60),('FxSpot','Change au comptant','transactScreen',1,40),('FXSwap','Swap de change','transactScreen',1,62),('GCP','coupon couru brut','PnLMethod',1,20),('GDP','coupon enciassé brut','PnLMethod',1,40),('GENE_NOTS','Générée','notifStatus',1,20),('GEO_ATEFM','Géométrique','attrEffectMeth',1,30),('GEO_RPERM','Géométrique','relativPerfMeth',1,30),('GLOB_PRM','Globale','provisionMethod',1,10),('GM_METY','Assemblées générales','meetingType',1,10),('GSET_PSC','Variables globales','paramSysCateg',1,40),('GUAR_GUART','Garant','guaranteeType',1,12),('HC_WFTA','Contrôle de positions titres','wflowTaskAction',1,40),('IBRC','Courbe taux interbancaire','curveType',1,40),('ICOM_METY','Comité d\'investissement','meetingType',1,11),('IC_WFTA','Contrôle des indicateurs','wflowTaskAction',1,10),('IMP_IMPS','Importé','importStatus',1,10),('IMP_WFTE','Importer','wflowTransEvent',1,15),('IND_BENC','Indice simple','benchCategory',1,10),('INFO_NOTN','Information','notifNature',1,12),('INI_BNCWM','Poids initial','benchWeightMeth',1,10),('INI_CLFC','Commission d\'engagement','crLineFeesCateg',1,62),('INP_IMPS','Partiellement intégré','importStatus',1,20),('INT_IMPS','Intégré','importStatus',1,30),('INV_CLTC','Investisseur','clientCategory',1,10),('IN_BILLP','A l\'échéance','billingPeriod',1,50),('IN_CFP','Infine','cashFlowPeriod',1,40),('IN_DAP','In fine','debtAmortPeriod',1,14),('IN_SWFR','In fine','swapFrequency',1,60),('IN_TRRT','Infine','trRedempType',1,10),('IPR','Portefeuille Assurance','portfRole',1,15),('IPRO','Compte de provisions produits','cashAccntCateg',1,11),('IRSwap','Swap de taux','transactScreen',1,61),('IS','Emetteur','actorRole',1,10),('ISS_MP','model by issuer','modelType',1,50),('IS_CON','Centralisateur','actorRole',1,86),('IS_DOM','Domiciliataire','actorRole',1,87),('IS_FAD','Conseiller financier','actorRole',1,85),('IS_PLA','Organisme de placement','actorRole',1,88),('I_SRNAT','Interfonds','subRedNature',1,12),('KFIG_AKT','Chiffres clé','actorKpiType',1,20),('KRAT_AKT','Ratios','actorKpiType',1,10),('LastTime','1595169443909','loadTime',0,10),('LCEXP_WARN','Echéance contrat de bail','warningNature',1,15),('LEN_CS','Prêt','contractSide',1,61),('LEV_SCT','Pallier','scaleCalculType',1,13),('LIB_PSS','Bibliothèque','pricingSource',1,10),('LIC','Permis de conduire','identityType',1,40),('LIF','LIFO','inventoryMethod',1,20),('LIN_DAM','Amortissement linéaire','debtAmortMethod',1,11),('LIN_PDT','Linéaire','premDiscType',1,10),('LM_WFTA','Contrôle des limites','wflowTaskAction',1,30),('LOT','Ordre limite','orderType',1,10),('LP','Personne morale','clientNature',1,20),('L_SRNAT','Passif','subRedNature',1,11),('L_TRIT','Linéaire','trInterestType',1,10),('MAFC_CDM','Base échéance,coup complet','couponDatesMeth',1,30),('MAIC_CDM','Base échéance,coup incomplet','couponDatesMeth',1,40),('MAL','Masculin','Gender',1,10),('MANSR_ANMT','SR manuel','analyticMvtType',1,40),('MARK_CLNAT','Variation prix marché','closingNature',1,20),('MART','Monétaire / Actuariel','curveRateType',1,10),('MATH_IRES','Réserves mathématiques','insurReserve',1,20),('MATST_PANT','Découpage par maturité résiduelle','ptfAnalyticType',1,12),('MAT_MP','model by maturity','modelType',1,20),('MAT_SBM','Par maturité résiduelle','subBenchMethod',1,10),('MAX','Maximum','SecNdxFormula',1,20),('MAX_AGGT','Max','aggregatType',1,40),('MAX_ILT','Limite max','IndLimiteType',1,20),('MCASH_LIMT','Sur mouvement espèces','limitType',1,20),('MDD_rat','Max Draw Down','perfRatios',1,100),('ME_BILLP','Mensuelle','billingPeriod',1,10),('ME_CFP','Mensuel','cashFlowPeriod',1,10),('MI','Modifié','RefStatus',1,30),('MIN','Minimum','SecNdxFormula',1,10),('MINP_BNALL','Indice de performance minimale','benchAllocation',1,30),('MIN_AGGT','Min','aggregatType',1,30),('MIN_ILT','Limite min','IndLimiteType',1,10),('MISS','Mademoiselle','Civility',1,30),('MIS_PRFPOL','Autre','profitPolicy',1,40),('MIX_FINT','Mixte','financingType',1,12),('MIX_ILT','Limite min et max','IndLimiteType',1,30),('MIX_PEIT','Mixte','peInvestmenType',1,12),('MIX_PRFPOL','Mixte','profitPolicy',1,30),('MM','Marché Monétaire','NoSecClass',1,13),('MNBR','En nombre de mois','periodType',1,20),('MNFEE_FSC','Frais de gestion','scaleCateg',1,13),('MNGF_MRM','Commission de gestion','mandatRemMode',1,10),('MNG_MFC','Frais SDG','mngFeesCateg',1,10),('MODP_BNALL','Portefeuille modèle','benchAllocation',1,30),('MOD_rat','Modigliani Ratio','perfRatios',1,140),('MON_BNCL','Monétaire','benchClass',1,40),('MOT','Ordre au marché','orderType',1,20),('MPR','Mandat','portfRole',1,14),('MR','Monsieur','Civility',1,10),('MRS','Madame','Civility',1,20),('MS_FC','Frais divers','feesCateg',1,14),('MY','Mensuelle','NavFrequency',0,30),('MY_DAP','Mensuel','debtAmortPeriod',1,10),('MY_SWFR','Mensuelle','swapFrequency',1,20),('M_TRCFP','Mensuel','trCsflowPeriod',1,10),('N','Amortissable en nominal','SecAmortzType',1,20),('NCP','coupon couru net','PnLMethod',1,10),('NIC','Numéro d\'identité national','identityType',1,10),('NL_PIAM','A la holandaise','issueAllocMode',1,11),('NOM_BNCM','Nominal','benchCalcMeth',1,40),('NP','Personne physique','clientNature',1,10),('NT_FC','Droits réseau placeur','feesCateg',1,13),('NUSE_CLFC','Commission de non utilisation','crLineFeesCateg',1,63),('N_DT','Nombre','DataType',1,20),('N_TRAS','Non comptabilisé','trAcctingStat',1,10),('OMS_PSC','Paramètres OMS','paramSysCateg',1,70),('ONGO_PRS','En cours','projectStatus',1,10),('ONGO_TKS','En cours','taskStatus',1,10),('OOX','autre date','expiryType',1,30),('OP','Options','SecClass',1,18),('OPT_CAT','Optionnel','corpActType',1,20),('OP_CC','Option','contractClass',1,62),('OQP_OAK','En prorata des quantités ordres','orderAllocatKey',1,10),('ORDR_LIMT','Sur ordre','limitType',1,30),('ORD_WFC','Ordres','workflowCateg',1,10),('OT','Divers','SecClass',1,14),('OTH','Autres','identityType',1,50),('PAS','Passeport','identityType',1,20),('PATH_PSC','Chemins d\'accès','paramSysCateg',1,30),('PAY_SWS','Paye','swapSide',1,11),('PCLAS_LT','Professionnel classique','leaseType',1,12),('PC_LIBS','Portefeuille espèces','librarySource',1,20),('PC_RS','Création en cours','RepStatus',1,10),('PC_SS','Création en cours','SettStatus',1,10),('PDIS_CLNAT','Variation amortissement surcote/décote','closingNature',1,50),('PD_LIBS','Portefuille titres','librarySource',1,10),('PE','Private equity','SecClass',0,15),('PEND_ISS','En attente','issSubscripStat',1,10),('PEN_REGS','En attente de validation','registerStatus',1,10),('PERF_BNALL','Indice de performance','benchAllocation',1,10),('PERF_MRM','Commission de performance','mandatRemMode',1,20),('PERST','Commerciale','statementType',1,10),('PE_OS','En attente','orderStatus',1,10),('PG_LIBS','Portefuille global','librarySource',1,10),('PLED_RMT','Nantissement','registerMvtType',1,30),('PLED_RST','Compte nantissement','registAccounTyp',1,20),('PN_LIBS','Portefeuille VL','librarySource',1,20),('PO','Post-compté','SecInterestType',1,10),('PORTFOLIO','Portefeuilles','predefinedLists',1,20),('PORTF_IMC','Portefeuille','impMappColumn',1,20),('PORTF_IP','Portefeuilles assurance','predefinedLists',1,22),('PORTF_UC','Portefeuilles OPCVM','predefinedLists',1,21),('POR_CART','Position portefeuille','corpActRecType',1,20),('POURC_BNCM','Pourcentage','benchMarginType',1,20),('PPR','Portefeuille investisseur','portfRole',1,13),('PR','Pré-compté','SecInterestType',1,20),('PrivateEQ','Private Equity','transactScreen',1,110),('PRI_PIST','En prix','issueSubscrType',1,11),('PROV_CLNAT','Variation provision pour dépréciation','closingNature',1,60),('PR_CMS','Prévu','cashMvtStatus',1,10),('PR_LIBS','Valorisation','librarySource',1,90),('PTF_NRT','Portefeuille','notifRecipType',1,11),('PTF_PNLSC','Pnl par portefeuille','pnlScope',1,10),('PT_LIBS','Portefeuille ope diff','librarySource',1,20),('PUB_CUST','Fonds grand public','customerType',1,11),('PU_RS','Modification en cours','RepStatus',1,30),('PU_SS','Modification en cours','SettStatus',1,30),('P_TRAS','Comptabilisé actif','trAcctingStat',1,11),('Q','Amortissable en quantité','SecAmortzType',1,10),('QTYCHN_BMC','Changement de quantité','benchMvtCode',1,10),('QUE_RSL','Requête SQL','SourceList',1,40),('QU_BILLP','Trimestrielle','billingPeriod',1,20),('QU_CFP','Trimestriel','cashFlowPeriod',1,20),('QY','Trimestrielle','NavFrequency',0,40),('QY_DAP','Trimestriel','debtAmortPeriod',1,11),('QY_SWFR','Trimestrielle','swapFrequency',1,30),('Q_TRCFP','Trimestriel','trCsflowPeriod',1,11),('Q_TRSRT','Par quantité','trSubRedType',1,10),('R','Taux Revisable','SecRateType',1,20),('R360_SWDB','R/360','swapDayBasis',1,10),('RATE_BENC','Taux','benchCategory',1,40),('RATP_BNALL','Ratios de performance','benchAllocation',1,40),('RAT_PIST','En taux','issueSubscrType',1,10),('RAT_SCT','Taux','scaleCalculType',1,13),('RCHRG_CAFS','Charges locatives','corpActFlowSrc',1,14),('RE','Immobilier','SecClass',1,12),('RealEstate','Immobilier','transactScreen',1,45),('REBAL_ANMT','Rebalancement','analyticMvtType',1,50),('REBLD_PANT','Reconsitution','ptfAnalyticType',1,11),('RECO_CAS','Rapprochement positions','corpActStatus',1,10),('REC_SWS','Reçoit','swapSide',1,10),('REG','Registre de commerce','identityType',1,30),('REIMB_BMC','Remboursement','benchMvtCode',1,30),('REJ_IMPS','Rejeté','importStatus',1,40),('REJ_WFTE','Rejeter','wflowTransEvent',1,13),('RENAR_WARN','Impayés loyer','warningNature',1,14),('RENRV_WARN','Révision loyer','warningNature',1,13),('Rent','Loyer','transactScreen',1,57),('RENTM_NOTN','Gestion locative','notifCategory',1,10),('RENT_PSC','Paramètres de loyer','paramSysCateg',1,50),('Repo','Repo','transactScreen',1,25),('REP_NOTN','Reporting','notifNature',1,11),('REP_RSL','Référentiel liste','SourceList',1,10),('REP_WFC','Référentiels','workflowCateg',1,11),('REV_ACCAN','Annulation par contrepassation','accCancelType',1,30),('RE_AMO','AMO','actorRole',1,84),('RE_CAFS','Remboursement','corpActFlowSrc',1,12),('RE_EVAL','Evaluateur immobilier','actorRole',1,81),('RE_FMAN','Facility manager','actorRole',1,83),('RE_PMAN','Property manager','actorRole',1,82),('RE_WFTA','Edition de rapport','wflowTaskAction',1,10),('RFRE_BNALL','Taux sans risk','benchAllocation',1,40),('RIWST','Risque','wifScenarioType',1,20),('RI_rat','Information Ratio','perfRatios',1,20),('RM_TRIB','Monétaire','trInterestBasis',1,10),('RNT_CAFS','Loyer','corpActFlowSrc',1,13),('ROF_CAS','Réception de fonds','corpActStatus',1,10),('ROX','Ordre à révocation','expiryType',1,20),('RP','REPO','NoSecClass',1,19),('RPTF_PTFC','Portefeuille réel','portfCategory',1,10),('RR','RREPO','NoSecClass',1,20),('RR_SWDB','R/R','swapDayBasis',1,20),('RR_TRIB','Réel','trInterestBasis',1,11),('RU_RS','Modification rejetée','RepStatus',1,20),('RU_SS','Modification rejetée','SettStatus',1,20),('RVA','Première valeur rèelle après','perfMethod',1,30),('RVB','Dernière valeur réelle avant','perfMethod',1,40),('SACCR_CAN','Coupon couru','caAccountNature',1,20),('SB','Emprunts de titres','NoSecClass',1,22),('SCOST_CAN','Prix de revient titre','caAccountNature',1,10),('SECID_IMC','Titre','impMappColumn',1,10),('SecLend','Prêt emprunts de titres','transactScreen',1,30),('SECRV_WARN','Révision titre','warningNature',1,11),('SECURITY','Titres','predefinedLists',1,40),('SEC_EQ','Titres actions','predefinedLists',1,41),('SEC_FI','Titres taux','predefinedLists',1,43),('SEC_MP','model by security','modelType',1,10),('SEC_PRC','Valorisation titres','pricingCateg',1,10),('SEC_RE','Titres immobiliers','predefinedLists',1,44),('SEC_SBM','Par secteur d\'activité','subBenchMethod',1,20),('SEC_UC','Titres OPCVM','predefinedLists',1,42),('SELL','Ordre Vente','orderNature',1,20),('SENT_NOTS','Envoyée','notifStatus',1,10),('SETT_WFC','Paramètrage','workflowCateg',1,10),('SET_CART','Position dépositaire','corpActRecType',1,10),('SE_BILLP','Semestrielle','billingPeriod',1,30),('SE_CFP','Semestriel','cashFlowPeriod',1,30),('SE_FC','Frais bourse','feesCateg',1,13),('SIMUL_PSC','Paramètres simulation','paramSysCateg',1,30),('SIM_ACCAN','Annulation simple','accCancelType',1,40),('SIM_INDC','Simple','indicatorCateg',1,10),('SIM_SIMT','Simulation jour','simulationType',1,60),('SINC_CAN','Produits sur titres','caAccountNature',1,60),('SI_STS','Simulé','simulTranStat',1,10),('SL','Prêts de titres','NoSecClass',1,21),('SLCOST_CAN','Prix de revient prêt','caAccountNature',1,81),('SLMTM_CAN','Différence d\'estimation prêt','caAccountNature',1,82),('SLOSS_CAN','Moins value sur titres','caAccountNature',1,50),('SMODP_BENC','Portefeuille modèle statique','benchCategory',1,60),('SMTM_CAN','Différence d\'estimation','caAccountNature',1,30),('SOR_rat','Sortino Ratio','perfRatios',1,130),('SPRC','Courbe spot','curveType',1,10),('SPROF_CAN','Plus value sur titres','caAccountNature',1,40),('SPTF_NRT','Sous portfeuille','notifRecipType',1,12),('SPTF_PTFC','Sous portefeuille','portfCategory',1,20),('SP_CLFC','Frais de mise en place','crLineFeesCateg',1,61),('SRCOST_CAN','Prix de revient REPO','caAccountNature',1,81),('SRMTM_CAN','Différence d\'estimation REPO','caAccountNature',1,82),('SR_ACCNAT','Sous/Rachat','accEntryNature',1,30),('STRAT_ANMT','Changement strat','analyticMvtType',1,20),('STRCHN_BMC','Changement de strat','benchMvtCode',1,20),('SUM_AGGT','Somme','aggregatType',1,10),('SUSP_PRS','Suspendu','projectStatus',1,11),('SUSP_TKS','Suspendu','taskStatus',1,11),('SU_CMS','En suspens','cashMvtStatus',1,40),('SY','Semestrielle','NavFrequency',0,50),('SYSSR_ANMT','SR système','analyticMvtType',1,30),('SYSST','Système','statementType',1,30),('SYSWR_NOTN','Alertes système','notifCategory',1,12),('SYS_IMP','Importation système','importType',1,10),('SYS_PSS','Système','pricingSource',1,10),('SYS_RSL','Système liste','SourceList',1,20),('SY_DAP','Semestriel','debtAmortPeriod',1,12),('SY_SWFR','Semestrielle','swapFrequency',1,40),('S_DT','Chaîne de caractères','DataType',1,10),('S_rat','Sharpe','perfRatios',1,50),('S_TRAS','Comptabilisé passif','trAcctingStat',1,12),('S_TRCFP','Semestriel','trCsflowPeriod',1,12),('S_TRCT','Titres','trCollaterType',1,11),('TD','Dépôt à terme','NoSecClass',1,23),('TD_ACCNAT','Transactions J+1','accEntryNature',1,20),('TECH_IRES','Réserves techniques','insurReserve',1,10),('TEN_CLTC','Locataire','clientCategory',1,11),('TE_rat','Tracking Error','perfRatios',1,30),('TINC_CAN','Produits sur opérations','caAccountNature',1,70),('TNRC','Courbe Tenors','curveType',1,30),('TOI','gérant','orderInitiator',1,10),('TPR','Portefeuille salle de marché','portfRole',0,19),('TRAD_RMT','Achat / vente','registerMvtType',1,40),('Transfer','Transfert','transactScreen',1,55),('TRANS_NOTN','Transaction','notifNature',1,10),('TRANS_WFC','Opérations','workflowCateg',1,10),('TRAN_CLNAT','Variation valo opération','closingNature',1,40),('TRAN_LIMT','Sur transaction','limitType',1,10),('TRAN_RMT','Transfert','registerMvtType',1,20),('TRA_ANMT','Transaction','analyticMvtType',1,10),('TRA_PRC','Valorisation transactions','pricingCateg',1,11),('TRCODE_IMC','Poste','impMappColumn',1,30),('TRCOM_FSC','Commission sur transaction','scaleCateg',1,10),('TRES_SIMT','Simulation de trésorerie','simulationType',1,60),('TRTAX_FSC','Taxe sur transaction','scaleCateg',1,11),('TR_ACCNAT','Transactions','accEntryNature',1,10),('TR_LIBS','Transaction','librarySource',1,10),('TR_rat','Treynor','perfRatios',1,60),('UC','OPCVM','SecClass',1,12),('UCITS','OPCVM','transactScreen',1,20),('UC_FC','Droits acquis au fonds','feesCateg',1,13),('UNL_WFTE','Déverouiller','wflowTransEvent',1,14),('UNPR_IRES','Réserves pour primes non acquises','insurReserve',1,30),('UN_TS','Déverouillée BO','transStatus',1,10),('UPD_WFTE','Modifier','wflowTransEvent',1,11),('UPR','OPCVM','portfRole',1,12),('UPS_WFTE','Modifier système','wflowTransEvent',1,15),('UP_OS','Modifié','orderStatus',1,30),('UR','OPCI','SecClass',0,13),('USE_CLFC','Commission d\'utilisation','crLineFeesCateg',1,64),('U_AUDIT','Modifier','auditActType',1,20),('V','Taux Variable','SecRateType',1,30),('VAL','Validée','navStatus',1,10),('VAL_ISS','Validée','issSubscripStat',1,11),('VAL_PRS','VAlidée','provisionStatus',1,10),('VAL_REGS','Validé','registerStatus',1,20),('VAL_WFTE','Valider','wflowTransEvent',1,12),('VA_CAS','Validée','corpActStatus',1,20),('VA_CMS','Validé','cashMvtStatus',1,20),('VA_FC','TVA','feesCateg',1,13),('VA_OS','Validé','orderStatus',1,20),('VA_RS','Validé','RepStatus',1,20),('VA_SS','Validé','SettStatus',1,20),('VA_TS','Validée','transStatus',1,10),('VEN','VEN','SecOwnership',1,20),('VI','Validé','RefStatus',1,20),('VOL_rat','Volatility','perfRatios',1,160),('VON','VON','SecOwnership',1,10),('WIF_SIMT','Whatif analyse','simulationType',1,60),('WNBR','En nombre de semaines','periodType',1,10),('WY','Hebdomadaire','NavFrequency',1,20),('WY_SWFR','Hebdomadaire','swapFrequency',1,10),('W_TRCT','Portefeuille','trCollaterType',1,10),('YMU','Maturité en nombre d\'années','curveMaturUnit',1,20),('YNBR','En nombre d\'années','periodType',1,30),('YTD','Depuis début de l\'année','periodType',1,40),('YTD_MIND','Depuis début de l\'année','marketIndicator',1,10),('YTD_PRS','Depuis debut de l\'année','perfRatioScope',1,20),('ZCRC','Courbe zéro coupon','curveType',1,20);
/*!40000 ALTER TABLE `clistsys` ENABLE KEYS */;
UNLOCK TABLES;

--
-- Table structure for table `cperf_category`
--

DROP TABLE IF EXISTS `cperf_category`;
/*!40101 SET @saved_cs_client     = @@character_set_client */;
/*!50503 SET character_set_client = utf8mb4 */;
CREATE TABLE `cperf_category` (
  `id` varchar(10) NOT NULL,
  `name` varchar(50) NOT NULL,
  `period_type` varchar(10) NOT NULL,
  `period_value` int DEFAULT NULL,
  `method` varchar(10) NOT NULL,
  PRIMARY KEY (`id`),
  KEY `cpcateg_method` (`method`),
  KEY `cpcateg_periodtype` (`period_type`),
  CONSTRAINT `cpcateg_method` FOREIGN KEY (`method`) REFERENCES `clistsys` (`id`),
  CONSTRAINT `cpcateg_periodtype` FOREIGN KEY (`period_type`) REFERENCES `clistsys` (`id`)
) ENGINE=InnoDB DEFAULT CHARSET=utf8mb3;
/*!40101 SET character_set_client = @saved_cs_client */;

--
-- Dumping data for table `cperf_category`
--

LOCK TABLES `cperf_category` WRITE;
/*!40000 ALTER TABLE `cperf_category` DISABLE KEYS */;
INSERT INTO `cperf_category` VALUES ('13W','Perf sur 13 semaines glissantes','WNBR',13,'RVB'),('1D','Perf quotidienne','DNBR',1,'RVB'),('1M','Perf sur 1 mois glissant','MNBR',1,'RVB'),('1W','Perf hebdomadaire','WNBR',1,'RVB'),('1Y','Perf sur 1 année glissante','YNBR',1,'RVB'),('26W','Perf sur 26 semaines glissantes','WNBR',26,'RVB'),('2Y','Perf sur 2 années glissantes','YNBR',2,'RVB'),('3M','Perf sur 3 mois glissants','MNBR',3,'RVB'),('3Y','Perf sur 3 années glissantes','YNBR',3,'RVB'),('4Y','Perf sur 4 années glissantes','YNBR',4,'RVB'),('52W','Perf sur 52 semaines glissantes','WNBR',52,'RVB'),('5Y','Perf sur 5 années glissantes','YNBR',5,'RVB'),('6M','Perf sur 6 mois glissants','MNBR',6,'RVB'),('YTD','Perf depuis début de l\'année','YTD',NULL,'RVB');
/*!40000 ALTER TABLE `cperf_category` ENABLE KEYS */;
UNLOCK TABLES;

--
-- Table structure for table `cpnl_setting`
--

DROP TABLE IF EXISTS `cpnl_setting`;
/*!40101 SET @saved_cs_client     = @@character_set_client */;
/*!50503 SET character_set_client = utf8mb4 */;
CREATE TABLE `cpnl_setting` (
  `id` varchar(10) NOT NULL,
  `name` varchar(50) NOT NULL,
  `is_visible` tinyint(1) NOT NULL DEFAULT '1',
  PRIMARY KEY (`id`)
) ENGINE=InnoDB DEFAULT CHARSET=utf8mb3;
/*!40101 SET character_set_client = @saved_cs_client */;

--
-- Dumping data for table `cpnl_setting`
--

LOCK TABLES `cpnl_setting` WRITE;
/*!40000 ALTER TABLE `cpnl_setting` DISABLE KEYS */;
INSERT INTO `cpnl_setting` VALUES ('AGC','CMP Brut',1),('ANC','CMP Net',0),('FGC','FIFO Brut',0),('FNC','FIFO Net',0);
/*!40000 ALTER TABLE `cpnl_setting` ENABLE KEYS */;
UNLOCK TABLES;

--
-- Table structure for table `cpnl_setting_detail`
--

DROP TABLE IF EXISTS `cpnl_setting_detail`;
/*!40101 SET @saved_cs_client     = @@character_set_client */;
/*!50503 SET character_set_client = utf8mb4 */;
CREATE TABLE `cpnl_setting_detail` (
  `id` int NOT NULL AUTO_INCREMENT,
  `pnl_setting_id` varchar(10) NOT NULL,
  `class_id` varchar(10) NOT NULL,
  `category_id` varchar(10) DEFAULT NULL,
  `inventory_meth_id` varchar(10) NOT NULL,
  `is_gross_mode` tinyint(1) NOT NULL DEFAULT '0',
  `is_provisioned` tinyint(1) NOT NULL DEFAULT '0',
  `provision_rate` decimal(10,6) DEFAULT NULL,
  PRIMARY KEY (`id`),
  UNIQUE KEY `cpnl_setd_unique` (`pnl_setting_id`,`class_id`,`category_id`),
  KEY `cpnl_setd_pnl_setti_idx` (`pnl_setting_id`),
  KEY `cpnl_setd_category` (`category_id`),
  KEY `cpnl_setd_inventor` (`inventory_meth_id`),
  KEY `cpnl_setd_class_id` (`class_id`),
  CONSTRAINT `cpnl_setd_category` FOREIGN KEY (`category_id`) REFERENCES `clistcust` (`id`),
  CONSTRAINT `cpnl_setd_class_id` FOREIGN KEY (`class_id`) REFERENCES `clistsys` (`id`),
  CONSTRAINT `cpnl_setd_inventor` FOREIGN KEY (`inventory_meth_id`) REFERENCES `clistsys` (`id`),
  CONSTRAINT `cpnl_setd_pnl_setti` FOREIGN KEY (`pnl_setting_id`) REFERENCES `cpnl_setting` (`id`)
) ENGINE=InnoDB AUTO_INCREMENT=49 DEFAULT CHARSET=utf8mb3;
/*!40101 SET character_set_client = @saved_cs_client */;

--
-- Dumping data for table `cpnl_setting_detail`
--

LOCK TABLES `cpnl_setting_detail` WRITE;
/*!40000 ALTER TABLE `cpnl_setting_detail` DISABLE KEYS */;
INSERT INTO `cpnl_setting_detail` VALUES (5,'AGC','EQ',NULL,'AVC',1,0,NULL),(7,'ANC','EQ',NULL,'AVC',0,0,NULL),(9,'AGC','EAIC_CDM','23_CREG','FIFO',1,0,NULL),(11,'FNC','EQ',NULL,'FIFO',0,0,NULL),(13,'AGC','FI',NULL,'AVC',1,0,NULL),(15,'ANC','FI',NULL,'AVC',0,0,NULL),(19,'FNC','FI',NULL,'FIFO',0,0,NULL),(28,'AGC','UC',NULL,'AVC',1,0,NULL),(30,'ANC','UC',NULL,'AVC',0,0,NULL),(38,'AGC','1Y_RREVP','16_CREG','1M_MIND',1,0,NULL),(42,'AGC','3M_MIND','10_CREG','1M_MIND',0,0,NULL),(44,'AGC','3Y_RREVP','10_CREG','1M_MIND',0,0,NULL),(46,'AGC','5Y_MIND','10_CREG','1M_MIND',1,1,NULL),(47,'AGC','6M_MIND','21_CREG','4Y_PRS',0,0,NULL),(48,'AGC','4Y_PRS','22_CREG','5Y_MIND',0,0,NULL);
/*!40000 ALTER TABLE `cpnl_setting_detail` ENABLE KEYS */;
UNLOCK TABLES;

--
-- Table structure for table `cwarning`
--

DROP TABLE IF EXISTS `cwarning`;
/*!40101 SET @saved_cs_client     = @@character_set_client */;
/*!50503 SET character_set_client = utf8mb4 */;
CREATE TABLE `cwarning` (
  `id` int NOT NULL AUTO_INCREMENT,
  `nature_id` varchar(10) NOT NULL,
  `proc_profile_id` int NOT NULL,
  `view_profile_id` int DEFAULT NULL,
  `short_msg` varchar(30) NOT NULL DEFAULT '0',
  `is_with_notif` tinyint(1) DEFAULT '0',
  `mail_subject` varchar(50) DEFAULT NULL,
  `mail_body` varchar(1000) DEFAULT NULL,
  `mail_cc` varchar(100) DEFAULT NULL,
  `mail_bcc` varchar(100) DEFAULT NULL,
  `advance_days` int NOT NULL DEFAULT '0',
  PRIMARY KEY (`id`),
  KEY `cwarning_natureId` (`nature_id`),
  KEY `cwarning_procProf` (`proc_profile_id`),
  KEY `cwarning_viewProf` (`view_profile_id`),
  CONSTRAINT `cwarning_natureId` FOREIGN KEY (`nature_id`) REFERENCES `clistsys` (`id`),
  CONSTRAINT `cwarning_procProf` FOREIGN KEY (`proc_profile_id`) REFERENCES `ruser_profile` (`id`),
  CONSTRAINT `cwarning_viewProf` FOREIGN KEY (`view_profile_id`) REFERENCES `ruser_profile` (`id`)
) ENGINE=InnoDB DEFAULT CHARSET=utf8mb3;
/*!40101 SET character_set_client = @saved_cs_client */;

--
-- Dumping data for table `cwarning`
--

LOCK TABLES `cwarning` WRITE;
/*!40000 ALTER TABLE `cwarning` DISABLE KEYS */;
/*!40000 ALTER TABLE `cwarning` ENABLE KEYS */;
UNLOCK TABLES;

--
-- Table structure for table `rcurrency`
--

DROP TABLE IF EXISTS `rcurrency`;
/*!40101 SET @saved_cs_client     = @@character_set_client */;
/*!50503 SET character_set_client = utf8mb4 */;
CREATE TABLE `rcurrency` (
  `id` varchar(3) NOT NULL,
  `num_code` varchar(3) NOT NULL,
  `name` varchar(50) NOT NULL,
  `visible` tinyint(1) NOT NULL,
  `rate_decimal_nbr` int NOT NULL,
  `trade_unit` int NOT NULL,
  `default_decimal` int NOT NULL DEFAULT '2',
  PRIMARY KEY (`id`)
) ENGINE=InnoDB DEFAULT CHARSET=utf8mb3;
/*!40101 SET character_set_client = @saved_cs_client */;

--
-- Dumping data for table `rcurrency`
--

LOCK TABLES `rcurrency` WRITE;
/*!40000 ALTER TABLE `rcurrency` DISABLE KEYS */;
INSERT INTO `rcurrency` VALUES ('EUR','978','Euro',1,8,1,2),('MAD','504','Moroccan Dirham',1,8,1,2),('TND','788','Tunisian Dinar',1,8,1,2),('USD','840','US Dollar',1,8,1,2);
/*!40000 ALTER TABLE `rcurrency` ENABLE KEYS */;
UNLOCK TABLES;

--
-- Table structure for table `ruser`
--

DROP TABLE IF EXISTS `ruser`;
/*!40101 SET @saved_cs_client     = @@character_set_client */;
/*!50503 SET character_set_client = utf8mb4 */;
CREATE TABLE `ruser` (
  `id` int NOT NULL AUTO_INCREMENT,
  `u_code` varchar(15) NOT NULL,
  `first_name` varchar(30) NOT NULL,
  `last_name` varchar(30) NOT NULL,
  `function_` varchar(30) NOT NULL,
  `is_enabled` tinyint(1) NOT NULL DEFAULT '0',
  `profile_id` int NOT NULL,
  `password` varchar(100) DEFAULT NULL,
  `is_signatory` tinyint(1) NOT NULL DEFAULT '0',
  `password_date` date DEFAULT NULL,
  `grace_date` date DEFAULT NULL,
  `failed_attempts` int DEFAULT NULL,
  PRIMARY KEY (`id`),
  UNIQUE KEY `u_code_UNIQUE` (`u_code`),
  KEY `ruser_profilId_idx` (`profile_id`),
  CONSTRAINT `ruser_profilId` FOREIGN KEY (`profile_id`) REFERENCES `ruser_profile` (`id`)
) ENGINE=InnoDB AUTO_INCREMENT=25 DEFAULT CHARSET=utf8mb3;
/*!40101 SET character_set_client = @saved_cs_client */;

--
-- Dumping data for table `ruser`
--

LOCK TABLES `ruser` WRITE;
/*!40000 ALTER TABLE `ruser` DISABLE KEYS */;
INSERT INTO `ruser` VALUES (20,'GI','François ','Dumony','ADMIN',0,10,'$2a$10$7x3co1lU36yaA3pBEz6Is.9eZxc3jc3cByywGIri.MVrILegVA0lu',0,'2022-06-08','2022-06-08',1),(21,'GLT','Faris','Zaki','CLT',0,1,'$2a$10$/PpomQ.jJp9pAgZc.fs5GuTqitkwlRZDf/jWuWBtjckrZ3XvoJjDG',0,'2022-06-08','2022-06-08',1),(22,'RESP','Jean','Dupont','DEMO',0,9,'$2a$10$143T6pQppG97K8.Y5xh2o.gRmM4rGrBzYOswn25pWLlYcdQ/szYDm',0,'2022-06-24','2022-06-24',NULL);
/*!40000 ALTER TABLE `ruser` ENABLE KEYS */;
UNLOCK TABLES;

--
-- Table structure for table `ruser_profile`
--

DROP TABLE IF EXISTS `ruser_profile`;
/*!40101 SET @saved_cs_client     = @@character_set_client */;
/*!50503 SET character_set_client = utf8mb4 */;
CREATE TABLE `ruser_profile` (
  `id` int NOT NULL AUTO_INCREMENT,
  `u_code` varchar(15) NOT NULL,
  `name` varchar(30) NOT NULL,
  `is_admin_role` tinyint(1) DEFAULT NULL,
  PRIMARY KEY (`id`),
  UNIQUE KEY `ruser_pro_ukey` (`u_code`)
) ENGINE=InnoDB AUTO_INCREMENT=19 DEFAULT CHARSET=utf8mb3;
/*!40101 SET character_set_client = @saved_cs_client */;

--
-- Dumping data for table `ruser_profile`
--

LOCK TABLES `ruser_profile` WRITE;
/*!40000 ALTER TABLE `ruser_profile` DISABLE KEYS */;
INSERT INTO `ruser_profile` VALUES (1,'SUPER','Utilisateur risque',0),(9,'DEMO','Gérant',0),(10,'ADMIN','Administrateur',1);
/*!40000 ALTER TABLE `ruser_profile` ENABLE KEYS */;
UNLOCK TABLES;
/*!40103 SET TIME_ZONE=@OLD_TIME_ZONE */;

/*!40101 SET SQL_MODE=@OLD_SQL_MODE */;
/*!40014 SET FOREIGN_KEY_CHECKS=@OLD_FOREIGN_KEY_CHECKS */;
/*!40014 SET UNIQUE_CHECKS=@OLD_UNIQUE_CHECKS */;
/*!40101 SET CHARACTER_SET_CLIENT=@OLD_CHARACTER_SET_CLIENT */;
/*!40101 SET CHARACTER_SET_RESULTS=@OLD_CHARACTER_SET_RESULTS */;
/*!40101 SET COLLATION_CONNECTION=@OLD_COLLATION_CONNECTION */;
/*!40111 SET SQL_NOTES=@OLD_SQL_NOTES */;

-- Dump completed on 2022-06-30  6:00:34
